product_page,found_image_url,local_filename
"https://creditcards.chase.com/","https://creditcards.chase.com/content/experience-fragments/jpmc-marketplace/us/en/site/help-me-choose/master/_jcr_content/root/container/container_396376817/container_1154044502/image.coreimg.png/1731619208158/help-me-choose.png","chase_Credit_Cards.png"
"https://www.citi.com/credit-cards/","",""
"https://www.capitalone.com/credit-cards/","https://ecm.capitalone.com/WCM/card/pages/open-graph/credit-cards-june-2025.png","capitalone_Capital_One_Credit_Cards.png"
"https://www.discover.com/credit-cards/","https://www.discover.com/discover/ico/share-image.jpg",""
"https://www.bankofamerica.com/credit-cards/","https://www.bankofamerica.com/content/images/ContextualSiteGraphics/Logos/en_US/logos/colored_flagscape-v2.png","bankofamerica_Credit_Cards.png"
"https://creditcards.wellsfargo.com/?utm_medium=www-redirect&utm_source=credit-cards&sub_channel=WEB&vendor_code=WF","https://creditcards.wellsfargo.com/W-Card-MarketPlace/v11-5-25/images/multicard_social_banner_1220x627_english.jpg","wellsfargo_Wells_Fargo_Visa®_Credit_Cards_and_Mastercard®.jpg"
"https://www.usbank.com/credit-cards.html","https://www.usbank.com/dam/en/images/photos/credit-cards/photo-bank-smartly-card-art.png","usbank_Credit_Cards.png"
"https://www.td.com/us/en/personal-banking/credit-cards","https://www.td.com/us/en/personal-banking/credit-cards/_jcr_content/root/container/responsivegrid/container/accordion/item_1/container_117156706_/textimagectagrid_con/0/custom_teaser_copy_c.coreimg.svg/1755102131764/creditscore-en.svg","td_Explore_TD_Bank_Credit_Cards_&_Apply_Online.svg+xml"
"https://www.ally.com/go/credit-card-update/","",""
"https://www.truist.com/credit-cards/enjoy-cash-secured","https://www.truist.com","bbt_Build_credit.png"
"https://www.truist.com/credit-cards/enjoy-cash","https://www.truist.com","bbt_Credit_Cards.png"
"https://www.truist.com/credit-cards/enjoy-travel","https://www.truist.com","bbt_Truist_Enjoy_Travel.png"
"https://www.truist.com/credit-cards","https://www.truist.com","bbt_Apply_for_a_Credit_Card_Online.png"
"https://www.truist.com/open-account/credit-cards","https://www.truist.com","bbt_Apply_for_a_Credit_Card_Online.png"
"https://www.truist.com/credit-cards/enjoy-beyond","https://www.truist.com","bbt_Truist_Enjoy_Beyond.png"
"https://www.truist.com/credit-cards/future","https://www.truist.com","bbt_Truist_Future.png"
"https://www.ihsbank.com/credit-cards","",""
"https://www.redwoodcu.org/business/cards/business-debit-card/","https://www.redwoodcu.org/wp-content/uploads/2022/03/BusinessDebitCard_1200x630.jpg","redwoodcu_Business_Debit_Card_Bay_Area.jpg"
"https://www.redwoodcu.org/cards/security/","https://www.redwoodcu.org/wp-content/uploads/2022/03/Security_1200x630.jpg","redwoodcu_Security.jpg"
"https://www.redwoodcu.org/cards/visa-balance-transfer/","https://www.redwoodcu.org/wp-content/uploads/2024/01/Girl_Bicycle_WebHero-scaled.jpg","redwoodcu_Visa®_Balance_Transfer.jpg"
"https://www.redwoodcu.org/cards/redwood-rewards-overview/","https://www.redwoodcu.org/wp-content/uploads/2022/03/CardRewards_1200x630.jpg","redwoodcu_Redwood_Rewards_Overview.jpg"
"https://www.redwoodcu.org/business/cards/business-visa-platinum/","https://www.redwoodcu.org/wp-content/uploads/2025/10/biz-visa-hero2-1025.jpg","redwoodcu_Business_Visa_Platinum_Card.jpg"
"https://www.redwoodcu.org/cards/debit-card/","https://www.redwoodcu.org/wp-content/uploads/2022/03/DebitCard_1200x360.jpg","redwoodcu_Personal_Debit_Card_Bay_Area.jpg"
"https://www.redwoodcu.org/cards/compare-credit-cards/visa-platinum/","https://www.redwoodcu.org/wp-content/uploads/2022/03/VisaPlatinum2_1200x630.jpg","redwoodcu_Visa_Platinum_Low_APR_Credit_Card.jpg"
"https://www.redwoodcu.org/cards/compare-credit-cards/","https://www.redwoodcu.org/wp-content/uploads/2022/03/CreditCards_1200x630.jpg","redwoodcu_Credit_Cards.jpg"
"https://www.redwoodcu.org/cards/compare-credit-cards/visa-credit-builder/","https://www.redwoodcu.org/wp-content/uploads/2022/03/CreditBuilder_1200x630.jpg","redwoodcu_Visa_Credit_Builder_Bay_Area.jpg"
"https://www.redwoodcu.org/cards/contactless/","https://www.redwoodcu.org/wp-content/uploads/2022/03/ContactlessPay_1200x630.jpg","redwoodcu_Tap_to_Pay_with_Your_RCU_Visa®_Cards.jpg"
"https://www.redwoodcu.org/cards/compare-credit-cards/visa-signature/","https://www.redwoodcu.org/wp-content/uploads/2022/03/VisaSignature_1200x630.jpg","redwoodcu_Visa_Signature_Best_Rewards_Credit_Card.jpg"
"https://www.redwoodcu.org/cards/","https://www.redwoodcu.org/wp-content/uploads/2022/04/rcu-branded-feature-image.png","redwoodcu_Cards.png"
"https://www.redwoodcu.org/cards/compare-credit-cards/credit-card-sweeps/","https://www.redwoodcu.org/wp-content/uploads/2024/10/HeroV2.jpg","redwoodcu_SmartSweep_Payments.jpg"
"https://www.alliantcreditunion.org/credit-cards/visa-platinum-card","https://www.alliantcreditunion.org/images/made/images/uploads/images/credit-card-management-imac-graphic_660_532_c1.png","alliantcreditunion_Visa_Platinum_Credit_Card.png"
"https://www.navyfederal.org/loans-cards/credit-cards.html","https://www.navyfederal.org/assets/images/nfcu-logo-bluegrad-800.jpg","navyfederal_Credit_Cards.svg+xml"
"https://www.bankoftexas.com/personal/products-and-services/loans-and-lines-of-credit/credit-cards","https://www.bankoftexas.com/_next/image?url=https%3A%2F%2Fedge.sitecorecloud.io%2Fbokfna15473-bokf40a9-prode209-f913%2Fmedia%2FImages%2FHeroes%2FConsumer%2F2024%2FCredit-Cards%2FCC-BOT-mobile.jpg%3Fh%3D394%26iar%3D0%26w%3D732%26sc_lang%3Den&w=1920&q=75","bankoftexas_Credit_cards.jpg"
"https://www.delta.com/us/en/skymiles/airline-credit-cards/","https://www.delta.com/content/dam/delta-com/icons/delta-brand/icon-destinations-world-130.png","delta_404.png"
"https://www.delta.com/us/en/skymiles/airline-credit-cards/american-express-personal-cards","https://www.delta.com/content/dam/delta-com/products/skymiles/credit-cards/amex-personal-stacked.jpg","delta_Amex_Personal_Credit_Cards.jpg"
"https://creditcards.chase.com/southwest/home/","https://creditcards.chase.com/K-SWA/images/redesign/card_art_priority.png","chase_Southwest_Airlines_Rapid_Rewards_Visa_Credit_Card.png"
"https://cards.barclaycardus.com/banking/cards/jetblue-card/","https://cards.barclaycardus.com/etc/designs/bcuspublic/default/icons/modal-lightbox.png","barclaycardus_JetBlue_Card.png"
"https://cards.barclaycardus.com/","https://cards.barclaycardus.com/etc/designs/bcuspublic/default/icons/modal-lightbox.png","barclaycardus_Welcome_to_Barclays_US.png"
"https://cards.barclaycardus.com/banking/cards/","https://cards.barclaycardus.com/etc/designs/bcuspublic/default/icons/modal-lightbox.png","barclaycardus_Browse_Credit_Cards.png"
"https://cards.barclaycardus.com/banking/help-center/","https://cards.barclaycardus.com/etc/designs/bcuspublic/default/icons/modal-lightbox.png","barclaycardus_Help_Center.png"
"https://cards.barclaycardus.com/banking/privacy-policy/","https://cards.barclaycardus.com/etc/designs/bcuspublic/default/icons/modal-lightbox.png","barclaycardus_Barclays_Bank_Delaware_Online_Privacy_Policy.png"
"https://cards.barclaycardus.com/banking/about-us/","https://cards.barclaycardus.com/etc/designs/bcuspublic/default/icons/modal-lightbox.png","barclaycardus_About_Us.png"
"https://cards.barclaycardus.com/banking/personal-loans/","https://cards.barclaycardus.com/etc/designs/bcuspublic/default/icons/modal-lightbox.png","barclaycardus_Personal_Loans.png"
"https://cards.barclaycardus.com/banking/contact-us/","https://cards.barclaycardus.com/etc/designs/bcuspublic/default/icons/modal-lightbox.png","barclaycardus_Contact_us.png"
"https://cards.barclaycardus.com/banking/help-center/faqs/","https://cards.barclaycardus.com/etc/designs/bcuspublic/default/icons/modal-lightbox.png","barclaycardus_FAQs.png"
"https://cards.barclaycardus.com/banking/cardmember-agreement/","https://cards.barclaycardus.com/etc/designs/bcuspublic/default/icons/modal-lightbox.png","barclaycardus_Cardmember_Agreement.png"
"https://banking.us.barclays/?refid=BBDBDBHBS001901&343628432","https://delivery-p122002-e1224637.adobeaemcloud.com/adobe/dynamicmedia/deliver/urn:aaid:aem:4aab7cdf-3de6-44e0-b8d7-8eeaf519f487/icon_facebook-circle.svg?width=640&preferwebp=true","barclaycardus_Home_Page.svg+xml"
"https://cards.barclaycardus.com/banking/terms-of-use/","https://cards.barclaycardus.com/etc/designs/bcuspublic/default/icons/modal-lightbox.png","barclaycardus_Terms_of_Use.png"
"https://cards.barclaycardus.com/?p=hawaiian","https://cards.barclaycardus.com/etc/designs/bcuspublic/default/icons/modal-lightbox.png","barclaycardus_Welcome_to_Barclays_US.png"
"https://home.barclays/careers/","https://home.barclays/content/dam/home-barclays/images/generic/barclays-eagle.svg","barclaycardus_Careers_at_Barclays.svg+xml"
"https://www.bankofamerica.com/credit-cards/products/alaska-airlines-credit-card/","https://www.bankofamerica.com/content/images/ContextualSiteGraphics/CreditCardArt/en_US/Approved_PCM/1bbt_sigcm_v_atmos_ascent_250.png","bankofamerica_Atmos™_Rewards_Ascent_Visa_Signature®_Alaska_Airlines_Credit_Card.png"
"https://www.marriott.com/credit-cards.mi","https://www.marriott.com/content/dam/marriott-homepage/homepageassets/cc-evergreen_1076x608.jpg","marriott_Marriott_Bonvoy_Credit_Cards.jpg"
"https://apply.americanexpress.com/marriottbonvoymclp3/","https://apply.americanexpress.com/wp-content/themes/openforum/marriott_new/assets/images/cards/brilliant_hero_card.png","marriott_Marriott_Bonvoy®_American_Express®_Cards.png"
"https://www.marriott.com/credit-cards/canada-credit-cards.mi","https://www.marriott.com/content/dam/mcom-familyofcards/FOC Canada Card Art - Personal.png",""
"https://www.marriott.com/ar/credit-cards.mi","https://author1useast1.qa.marriott-sites.adobecqms.net/assetdetails.html/content/dam/marriott-digital/global/partner-logo/en_us/logo/internal/assets/bonvoy-cobrand-saudiarabia-amex-13470.png",""
"https://www.marriott.com/en-gb/credit-cards.mi","https://www.marriott.com/content/dam/marriott-digital/global/partner-logo/en_us/logo/internal/assets/bonvoy-cobrand-uk-22334.png","marriott_Marriott_Bonvoy_American_Express_Credit_Cards.png"
"https://apply.americanexpress.com/marriottbonvoymclp54/","https://apply.americanexpress.com/wp-content/themes/openforum/marriott_new/assets/images/cards/brilliant_hero_card.png","marriott_Marriott_Bonvoy®_American_Express®_Cards.png"
"https://www.marriott.com/ko/credit-cards.mi","https://www.marriott.com/content/dam/marriott-renditions/dm-static-renditions/jw/apec/hws/c/cjuju/en_us/photo/unlimited/assets/jw-cjuju-jw-cjuju-the-lounge-70774-feature-hor.jpg","marriott_메리어트_본보이_신용카드.jpg"
"https://www.americanexpress.com/en-us/credit-cards/details/personal/marriott/marriott-bonvoy-american-express-cards/ep-mar-mic-9999","https://apply.americanexpress.com/wp-content/themes/openforum/marriott_sclp_q1_2024/images/business_card.svg","marriott_Marriott_Bonvoy®_Business_American_Express®_Cards.svg+xml"
"https://www.marriott.com/credit-cards/uae-credit-cards.mi","https://www.marriott.com/content/dam/marriott-digital/global/partner-logo/en_us/logo/internal/assets/bonvoy-cobrand-uae-10858.png","marriott_Marriott_Bonvoy_Credit_Cards_from_Emirates_NBD.png"
"https://traveler.marriott.com/credit-cards/travel-credit-card-benefits/","https://traveler.marriott.com/wp-content/uploads/2022/12/Choose_a_travel_rewards_credit_card.jpg","marriott_How_to_Choose_a_Travel_Rewards_Credit_Card.jpg"
"https://www.americanexpress.com/en-us/credit-cards/details/personal/marriott/marriott-bonvoy-american-express-cards/ep-mar-mic-1000","https://apply.americanexpress.com/wp-content/themes/openforum/marriott_sclp_q1_2024/images/business_card.svg","marriott_Marriott_Bonvoy®_Business_American_Express®_Cards.svg+xml"
"https://www.marriott.com/credit-cards/marriott-bonvoy-brilliant-american-express-card.mi","https://www.marriott.com/content/dam/marriott-digital/global/partner-logo/en_us/logo/internal/assets/bonvoy-cobrand-foc-chase-bril-34074.png","marriott_Marriott_Bonvoy_American_Express_Brilliant_Card.png"
"https://www.marriott.com/credit-cards/india-credit-cards.mi","https://www.marriott.com/content/dam/marriott-digital/digital-merchandising/apac/en_us/cobrand-cards/assets/pdt-HDCO-New-2000x1125-865983482443307.png","marriott_Marriott_Bonvoy_HDFC_Bank_Credit_Card.png"
"https://www.marriott.com/credit-cards.mi","https://www.marriott.com/content/dam/marriott-homepage/homepageassets/cc-evergreen_1076x608.jpg","marriott_Marriott_Bonvoy_Credit_Cards.jpg"
"https://www.marriott.com/credit-cards/marriott-bonvoy-bevy-american-express-card.mi","https://www.marriott.com/content/dam/marriott-digital/global/partner-logo/en_us/logo/internal/assets/bonvoy-cobrand-foc-chase-bevy-15041.png","marriott_Marriott_Bonvoy_American_Express_Bevy_Card.png"
"https://www.marriott.com/credit-cards/chase-credit-cards.mi","https://www.marriott.com/content/dam/marriott-digital/global/partner-logo/en_us/logo/internal/assets/bonvoy-cobrand-chase-ogimage-39956.jpg",""
"https://www.marriott.com/es/credit-cards.mi","https://www.marriott.com/content/dam/mcom-familyofcards/foc-banner-m_1.1.jpg",""
"https://www.marriott.com/ja/credit-cards.mi","https://www.marriott.com/content/dam/marriott-digital/global/partner-logo/en_us/logo/internal/assets/bonvoy-cobrand-japan-base-28510.png","marriott_マリオット_ボンヴォイ・アメリカン・エキスプレス_クレジットカード_│_日本.png"
"https://traveler.marriott.com/credit-cards/travel-credit-card-points/","https://traveler.marriott.com/wp-content/uploads/2022/12/Ways_to_Use_Travel_Credit_card_illustration_1.jpg","marriott_8_Ways_to_Use_Your_Credit_Card_Travel_Reward_Points.jpg"
"https://www.marriott.com.cn/credit-cards.mi","https://www.marriott.com.cn/content/dam/marriott-digital/global/partner-logo/en_us/logo/internal/assets/bonvoy-cobrand-china-allcards-28361.png","marriott_获取中信银行万豪旅享家®联名信用卡.png"
"https://www.marriott.com/credit-cards/american-express-credit-cards.mi","https://www.marriott.com/content/dam/marriott-digital/global/partner-logo/en_us/logo/internal/assets/bonvoy-cobrand-amex-ogimage-43261.jpg",""
"https://www.marriott.com/credit-cards/marriott-bonvoy-business-american-express-card.mi","https://www.marriott.com/content/dam/marriott-digital/global/partner-logo/en_us/logo/internal/assets/bonvoy-cobrand-foc-chase-busines-13906.png","marriott_Marriott_Bonvoy_American_Express_Business_Card.png"
"https://creditcards.chase.com/travel-credit-cards/marriott-bonvoy","https://creditcards.chase.com/content/dam/jpmc-marketplace/site-assets/logos/credit-card-icon.svg","chase_Marriott_Bonvoy.svg+xml"
"https://creditcards.chase.com/travel-credit-cards/world-of-hyatt-credit-card?CELL=69S4","https://creditcards.chase.com/content/dam/jpmc-marketplace/site-assets/logos/ham-menu.svg","chase_World_of_Hyatt_Credit_Card.svg+xml"
"https://www.chase.com/personal/credit-cards/hyatt","https://www.chase.com/personal/credit-cards/hyatt","chase_World_of_Hyatt_Credit_Card.png"
"https://www.chase.com/personal/credit-cards/free-credit-score","https://www.chase.com/content/dam/unified-assets/illustration/chase-masterbrand/spot/featured/file-formats/mds_ill_mobile_chart_growth_featured_circle.png","chase_Check_Your_Credit_Score_for_Free_with_Credit_Journey.png"
"https://creditcards.chase.com/business-credit-cards/world-of-hyatt/hyatt-business-card?CELL=69S4","https://creditcards.chase.com/content/jpmc-marketplace/us/en/business-credit-cards/world-of-hyatt/hyatt-business-card/_jcr_content/root/container_8786818/container_8786919/container_2026911672/container/image.coreimg.png/1731619203770/world-hyatt-logo-880x80.png","chase_World_of_Hyatt_Business_Credit_Card.png"
"https://www.chase.com/content/chase-ux/en/personal/credit-cards/hyatt","https://www.chase.com/content/chase-ux/en/personal/credit-cards/hyatt","chase_World_of_Hyatt_Credit_Card.png"
"https://www.chase.com/personal/credit-cards/hyatt/manage-account/manage-my-account","https://www.chase.com/content/dam/chase-ux/tile/secondary/personal/credit-cards/woh-credit-card.png","chase_Manage_Account.png"
"https://creditcards.chase.com/rewards-credit-cards","https://creditcards.chase.com/content/dam/jpmc-marketplace/site-assets/logos/credit-card-icon.svg","chase_Compare_Rewards_Credit_Cards.svg+xml"
"https://creditcards.chase.com/business-credit-cards","https://creditcards.chase.com/content/dam/jpmc-marketplace/site-assets/logos/credit-card-icon.svg","chase_Compare_Business_Credit_Cards.svg+xml"
"https://www.chase.com/personal/credit-cards/hyatt/world-hyatt/earn-points","https://www.chase.com/content/dam/chase-ux/tile/secondary/personal/credit-cards/woh-credit-card.png","chase_Bonus_Points.png"
"https://creditcards.chase.com/travel-credit-cards","https://creditcards.chase.com/content/dam/jpmc-marketplace/site-assets/logos/credit-card-icon.svg","chase_Compare_Travel_Credit_Cards.svg+xml"
"https://www.jpmorgan.com/CA/en/about-us#local-disclosures","https://www.jpmorgan.com/content/dam/jpmorgan/icons/illustration/charts-graphs/topaz-primary/cg-lb-07.svg","chase_J.P.svg+xml"
"https://www.chase.com/personal/credit-cards/hyatt/world-hyatt-business/earn-points","https://www.chase.com/content/dam/chase-ux/tile/secondary/personal/credit-cards/woh-biz-card-479x300.png","chase_Earn_Points.png"
"https://creditcards.chase.com/cash-back-credit-cards","https://creditcards.chase.com/content/dam/jpmc-marketplace/site-assets/logos/credit-card-icon.svg","chase_Compare_Cash_Back_Credit_Cards.svg+xml"
"https://creditcards.chase.com/travel-credit-cards/ihg","https://creditcards.chase.com/content/dam/jpmc-marketplace/site-assets/logos/credit-card-icon.svg","chase_IHG_One_Rewards_Credit_Cards.svg+xml"
"https://www.wyndhamhotels.com/wyndham-rewards/hotel-deals/wyndham-rewards-credit-card","https://www.wyndhamhotels.com/wyndham-rewards/hotel-deals/wyndham-rewards-credit-card","wyndhamhotels_Wyndham_Rewards_Credit_Card.png"
"https://www.biltrewards.com/card","https://static.biltrewards.com/assets/seo/bilt_card2_coming_soon_seo.jpg","biltrewards_Bilt_Card_2.jpg"
"https://www.ford.com/finance/apply/?gnav=footer-finance","",""
"https://www.toyotafinancial.com/us/en.html","https://www.toyotafinancial.com/content/dam/dcx-app/t001/tfs/assets/mode/light/icons/facebook.svg","toyotafinancial_Toyota_Financial.svg+xml"
"https://www.hyundaiusa.com/us/en/apply-for-credit","https://www.hyundaiusa.com/content/dam/hyundai/us/com/image/general/icons/navigation/hyundai-logo.svg","hyundai_Auto_Loan_Financing.svg+xml"
"https://www.krogermastercard.com/","",""
"https://www.safeway.com/","https://images.albertsons-media.com/is/image/ABS/wellnes-benefit-card-fullwidth-desktop?$bu-med-full-desktop$&defaultImage=Not_Available","safeway_Grocery_Delivery_Near_You.jpg"
"https://www.target.com/circlecard","https://digitalcontent.target.com/vault/1707199200/CLOUD_f57610f0-550d-4be2-a926-d1afa31b368c.svg","target_Target_Circle™️_Card.svg+xml"
"https://www.exxon.com/en/credit-cards","https://www.exxon.com/-/media/project/wep/exxon/exxon-retail-us/paying-with-card-business/paying-with-card-business-pro-fb-og.jpg","exxon_Personal_credit_cards_and_commercial_fleet_cards_from_ExxonMobil.jpg"
"https://www.shell.us/rewards-and-savings/shell-credit-card.html","https://www.shell.us/rewards-and-savings/shell-credit-card/_jcr_content/root/metadata.shellimg.jpeg/1730991004770/hand-holding-shell-fuel-rewards-mastercard.jpeg?imwidth=1280&impolicy=amidala-image-191x100","shell_Shell_Credit_Card.jpg"
"https://www.marathonfuel.com/fleet-cards","https://www.marathonfuel.com/images/pages/creditcard_universal_269_5231.png","marathonfuel_Fleet_Cards.png"
"https://www.speedway.com/speedyrewardsmastercard","https://www.speedway.com/assets/img/header/7e-logo-color.png",""
"https://www.circlek.com/us/holiday-station","https://www.circlek.com/sites/default/files/2025-03/dc0133_web_ck_pro_500x500.jpg","holidaystationstores_Convenience_Store_&_Gas_Station.jpg"
"https://www.paypal.com/us/digital-wallet/manage-money/paypal-cashback-mastercard","https://www.paypalobjects.com/marketing/web23/us/en/ppe/cbmc/meta_size-all.jpg","paypal_Learn_More_about_the_PayPal_Cashback_Mastercard®.jpg"
"https://venmo.com/about/creditcard/","https://images.ctfassets.net/gkyt4bl1j2fs/1SbLV7BHK3XkdHKnzjMlOh/3967c1f183c4c5d98aab2be5ace6b641/f87898ea-7b1f-4c89-b05c-c2c65a4ce7ba_venmo100x100.jpg","venmo_Credit_Card.gif"
"https://venmo.com/about/creditcard/rewards/","https://images.ctfassets.net/gkyt4bl1j2fs/1SbLV7BHK3XkdHKnzjMlOh/3967c1f183c4c5d98aab2be5ace6b641/f87898ea-7b1f-4c89-b05c-c2c65a4ce7ba_venmo100x100.jpg","venmo_Credit_Card_with_Rewards.gif"
"https://www.sofi.com/credit-card/","https://d32ijn7u0aqfv4.cloudfront.net/wp/wp-content/uploads/raw/CC24-2177731-AB_CC-LP-Redesign-for-PQ-Flow_Social-Share@2x.png","sofi_SoFi_Credit_Cards.png"
"https://www.coinbase.com/card","https://images.ctfassets.net/o10es7wu5gm1/4AsEsKXTMmSVky9wG1MNqM/1ceaf6ca937f526948ea3b909edb2e71/landing_hero_white_bg.png","coinbase_Coinbase_Card.png"
"https://crypto.com/en/cards/","https://crypto.com/images/meta-og/listing.png","crypto_Crypto.png"
"https://cash.app/legal/us/en-us/card-agreement","https://cash-f.squarecdn.com/web/marketing/f7e6b4f5a9f3b7373fe2ea63928ee1e4a91844e7/assets/images/share/default.png","cash_This_Cash_App_Prepaid_Card_Program_Agreement_outlines_the_terms_and_conditions_governing_the_Cash_App_Prepaid_Card_Program..png"
"https://cash.app/card","https://images.ctfassets.net/jwea2w833xe7/6zzYyHRAApNENAaRpdI1hi/ed54a9af298fc38c335265602a6021a3/share_card.png","cash_Debit_Card_with_Discounts_&_No_Hidden_Fees.png"
"https://www.gemini.com/credit-card","https://cdn.builder.io/api/v1/image/assets%2F1b77ce3a269a43e985e77f3d65f715ba%2F09107bb2b866495f8542b8df3a3d78e4?1","gemini_Earn_Crypto_Rewards_with_the_Gemini_Credit_Card®.png"
"https://www.upstart.com/learn/how-to-consolidate-credit-card-debt/","https://www.upstart.com/learn/wp-content/uploads/sites/2/2022/03/Woman-Sitting-and-Holding-a-Cell-Phone-and-Credit-Card.jpg","upstart_How_to_Consolidate_Credit_Card_Debt_in_6_Steps.jpg"
"https://www.upstart.com/credit-card-consolidation","https://d1cy3c0knche0o.cloudfront.net/static/hero_social_thumbnail.jpg","upstart_Online_Credit_Card_Consolidation_Loans.jpg"
"https://www.revolut.com/cards/","https://assets.revolut.com/website/images/img-og-retail.png","revolut_Cards.png"
"https://www.bestbuy.com/site/misc/financing-rewards/pcmcat102500050032.c?id=pcmcat102500050032","https://pisces.bbystatic.com/image2/vector/BestBuy_US/dam/AppFacebook-6587dc59-5c2c-41f5-9db3-8775e21c57e9.svg","bestbuy_Best_Buy_Credit_Card.svg+xml"
"https://oldnavy.gap.com/PageNotFound.do","https://digitalassets.gapinc.com/AssetLink/32y776m0u5h47qym6vfei800c44376ur.svg","gap_Old_Navy.svg+xml"
"https://www.apple.com/apple-card/","https://www.apple.com/v/apple-card/n/images/meta/og__dtukeczp0ygm_overview.png?202510270836","apple_Apple_Card.png"
"https://www.synchrony.com/financing/car-care/cardholder","https://www.synchrony.com/syc/img/logo_facebook.svg","synchrony_Synchrony_Car_Care_Credit_Card.svg+xml"
"https://www.synchrony.com/financing/luxury/cardholder","https://www.synchrony.com/syc/img/image_credit_card.png","synchrony_Synchrony_Luxury_Credit_Card.png"
"https://www.synchrony.com/financing/home/cardholder","https://www.synchrony.com/syc/img/image_credit_card.png","synchrony_Synchrony_HOME_Credit_Card.png"
"https://www.walgreens.com/mywalgreens/cards/credit.jsp?intcmp=NoOff_walgreens_financing_body-retail_credit_cards_and_financing_ext","data:image/png;base64,iVBORw0KGgoAAAANSUhEUgAAAswAAAHQCAYAAAC1LTxnAAAAGXRFWHRTb2Z0d2FyZQBBZG9iZSBJbWFnZVJlYWR5ccllPAAAOaxJREFUeNrs3d9xG0e6N+Cxy/fWV+Wrc+NxBKadgKAILEVgKAKLEYiMgFQEpCIQFYGgBI7pCATf+OpUHW0E55sWBhZEAST+DIDut5+nCkWt1+s1Gz0zv+55u/ubBgAAdvTPrz+cdD8erfm33/7Xf//Px1J+t298vQAArBGI2+5H+oy6z4/9n+efbaXQfNt9pt3nrz5ITwRmAAByD8eP+mCcZo0f938+pBSiU3B+3wXoG4EZAIAcQvLThXB8ktG/WpqFTqH57bHCs8AMAFBnQE6zyCkk/9aH5EcF/GtPu8/r7nN5yBpogRkAoK6gPA/J44J/jfms8+khgrPADAAQPyS33Y8/+pD8KNCvlsLyq2bPM84CMwBA3KA86oPy0+C/6rSZzTbvpcZZYAYAiBeUx92Pl81uW76V6LrZQ5mGwAwAIChHMu0+z7rQfCswAwAgKC+XZpjTTPO1wAwAUHdQHnU/Lpq89k3OSQrNlwIzAEB9Qbntflw1hz+Br0TXXWh+LjADANQRlNOWcC+aWfkFBwrNAjMAQBlhedTMZpVbrbGV8y40nwnMAADxgnKaVU4zyi+0xs6eb7MQUGAGAMg3LI8as8pD+2XTLecEZuDQN/+0kjudOPVbM1u9PNEqAEvvl2n3C7PKw0tbzv20yeEm32kzYM83/PQqcdQH5PSz1SoA9943033yTWOruH151LfvE4EZOObNftSH48fN/Vsepf9uosUA/r1/pjdwV32oY39GXVu/WHePZoEZGOIGf3InILvRA2x+L1WCcVgvuza/6ULzVGAG9nFTHy0E5BMBGWCne+q8RGCkNQ4qtXuazX+wNENgBh66kZ/0ofjn/mY+ZE3drRYG3GM/hTb1yseRSjNGDy1AF5iBZeG4bQ4ze/xRqwMV33NHzWxm2Vu640oDlp8E5ngX17ZuN9lChdD9qO1DcepPPy78+dD0R6DW+/C4D2ocX5u+j/sONLEP83EukvmsXfrMX8HMQ8vcoetCU3BZ9no8/bX/3Pf32Uc3+wHWvJ8dMxgv1fUd9yBAWCYH0+6Z9JPAfJyg0vafnxdCSw2vXe4G6Pf3BO6Pm562w799bHHANQ/Bj+/855ylNx6/+CaByu7dKSiPtUSWVh6bLTAPF1pGfTCe13+y5Qiv/ywG7L8eCORhQvfC24emWf0GIsrA67L73k51eUBYJpcMsmqWWWDevLO3zZf7zQrH+ZrcE8r/3uCfs6pcZTHQPuT7FX/vyEgeQFgmG8+6Z9PN3b9o0d/DHdyxvuUaaYKs3WgCQFgmM78vez6ZYV7esduFkPxUi8Dg1C8DwjK5+unu6X9mmD936Ed9OBaSYf/eagJAWCZT6Ts7E5i/7MyjZjb9rkPD4SjHAKLni7FsUazf7wbmbyrtxPPZ5JeNmmQ4tHv3ugQIEpbts1y2XxZ34Pqusg6cgvKL7vNH4xhKOJbXmgAInDVGwnIIaZa5rsDcL+JLs8lPBWU4umtNAATNG2n70DdaIoSUGf89K+Cb4B3XjDLkZfJf//0/TzQDEDRz/Nko9Yzk390yvg3ccc+6Hx+a2cyysAx5UI4BRPVOWA7n313TwpVkLNQO6bSQl49O9gMi6rePO9ES4aRTnS9DBea+TvmisYcy5OqVJgAChuVxY/u4qEbzP3wbpLOmOuU/hWXI2rUmAIKF5TSrbEeMuB7133HZM8z9rPLV4ggAyDMs3z1mFKDwDJLWR9kRI76UMW+/LbijptnkP4VlKIJyDCAa66XqkOqYyyzJ6MLyRT+qs/sF5G+yeFoSQOn6UlBloHX4VJLxTWEdtO2DspWoUI4nXWCeaAYgSFhOWSS94TZpV4//921BHXTUd1BhGcoxEZaBYLzhrs9JEYG537LlnQ4KxTnXBEAwz7vPVDMIzLmF5VSvbMsWKI/ZZSCcfk3GL42tMmvyY9aBuT8554XvCYpkdhmIGprTyaVppjl9PmqR8E6yXPTX722YwrIVqFCmNLv8RDMA0fUHW6S65lZrhDX9NsOOl8LyO2EZimZ2GajCQomG7TPjarMKzAth2U4YUC61y0BtoTmVZaS3au59QWUTmIVlCMPsMlBlaO5L0a61hsC8T8IylM/sMlB7cH4uNAvMe9HvhiEsQ/meawJAaP4Umm+0hMA8dFge+yqgeNfdQ2KqGQA+SaHZQkCBeZCwfCYsQwhpwYvaZYDewkJAoVlg3iksp6D80lcAIbwyuwywNDQ73ERg3josp3rlC80PIaQHwaVmAFgamm8b6zsE5i3C8nz7uEeaH0I47WdRAFgemtMCQGVrAvNGhGWI47Z7EFxrBoAHQ/NZ42ATgXkd//z6QyrDsH0cxHGqCQDWpp5ZYH4wLD/tfrzQ5BCGQ0oANtAvjlaaITCvDMtt9+NKc0MoFrEAbB6a0yLpiZYQmJd506hbhkjObSMHsDWlGQLzl/rDSdQtQxy2kQPYQT/h8EpLCMzzsDxqHE4C0dhGDmB3aeJhqhkqD8z9fsvqliGWiW3kAHbXTzxYAFh7YG5mM8utJoZQbCMHMFxovm4sAKw3MPelGLaQg1iu+yNeARiOWeZaA3PnQtNCKOnVodllgIH1+9lPtERlgdmuGBDSuYV+APu7x2qCvH0zcFhuux9/NvZchkhuu7D8i2YA2J8uQ31orP3K1tAzzBfCMoSjFANg/8wyZ2ywGeZ+od87TQqhpIV+jsAGOIAuS/1vY+IxS98N+M+y5zLEYqEfNQeXkw2Dy0e7yDCAdPqfA9+iBubuxpK2kGs1J4TiRD+ihuFRH4ZTKP6++bxQfbTjP3dxsHnb//yrmZ3mNu13Q4D7XAvMedq5JKM/0e9D4xUCRJJO9HuiGSg8GLd9GE6fx81sYqc98r/Wbf95319nU98Ud/rtm+7HUy2RlyFmmF8IyxCOUgxKDBopGI/6cDzK9Nk0D/Dj/t85BeabFKC78HzjW6TzVmDOz04zzP3o/YNmhFAuuwe3wEwJAbntg0XOAXkTqYTjuvu8Vg9dfd+2+C9YYL6aj5KBEKbd5xe1y2QcJOYBOf1sA/+qkz44X/vWq+zn8lWUwGx2GUJ65rUwmYbk3/qQXNusWxrEngvOVfb5N1oiRmA2+oFYLPQjp8Aw6n78XmlIXhWcn9tpo6prQFlG6YHZ7DKEk0owfrFinyMHhPRsGfdBudUiS6U3QKeu1SquBxOTGdn2aGx7BEIsrzyAOWIweNpvpfWhf74Iy6ulGfc/+1f2xPZeE+Rj4xlms8sQTjpQ4SfNwIFDcnrVnLYlNZu8vevGAUPRr5H/1RJ52GaG2ewyxPJcE3DAEND2r5rNJu9u3H3e9cGKYPqBkO0FSwzMC/VlQAzXFhFxoKA8WgjK6Tki5A0jHYLyoT+0hXjeaoICA3NjdhkiSbMXDijhEEH5XffHd40Jl31Jg493QnNIE02Qh7VrmPtXPh/MCkAYz+3tyj6DcjObZBlpjYMOgp84JTDctfR/WuH4NplhfiEsQxgTYZl9BeWFGWVh+bDMNAe9X2uCsgLzH5oLwrDQj6GDcttvDScoHz80X1kIGIo3BqUE5u7CGzdmlyGKc3suM2BQfrSwmM/ewHlIM8xXmiEM+zEf33TdGWazyxDkou8+l5qBgcLyWfN51wvykg6DeaEZQjDDnMGz88FFf/3CjXfaCkJ4Yhs5BgjK6bmQZjBbrZG9XywCDHHNpQNMvOk/nsk6M8y/aycI4UZYZseHdruwoE9YLoPSjBgMeo7r/bcP3Rwbr9oggrTdlIV+7BKWz7offzYW9JXmRGlGjMCmCY7roRlmYRliOO+PWYVNg3LaJm5+jLVXwmV6adeM4k01wVHdPhSYlWNA+dKeyxb6sWlQTrtfXDTKLyJIYdkss8DM9j5+c8/NMm0P9EYbUevF0cSZTbPoh03D8qixqC/iPe0nb5qKvi6d+Hc8/+++GWazy9TqvPvcRPldhGU2eCCbVY7LLHOMQQ9HkAaa3666aTY2oKc+193np2b26msc4PdJv4dSDNYNy6NmtqhPqIrrD7XMRTP5ccR2XzXDPNY+VDRi/xSUuxFk2kWibeJsw/Tc61fWDMtmletgMqxsU01wtJzQfLdqFKp9qOACeNV9LuehsgsN6TjZKHX79lxmnaA8P0L5RGtU449+koDy/K0JjuL90sDc30Bb7UPgEXoKyteLs6/9a8oUliO8rrTnMuuE5VR6caElqpP2ZW67+99UUxT5/OI4z9SlM8wW+xFRWsT3untIrFrMF+l1tD2XuS8op0FhmlX2ar5eaZb5VDMIzKzldlVgHmsbAt1cXjez2eTpPQEi0ivpW3suc09fn5cdtVqjaiNNAJsNVL65czM99t7LH/skn37+tfAvOr0TCDaePetnVU7uuWn83Hx+He9mUq7UN9Is8tt7ZpMX+8VZMzvBLAp7LrOqryvBYNFPyjKKvI7txXxg3XXyKSvfnWH+7UD//7d9CP5r/ud9P+T7kD2585cnD3TMtpnNxCyG7cdCdZY+heRmtthtrQFV9/2Og4XlS2GZFZMFSjC4K/UHb6Pg4bzafBGY97j38jyoplWGtyWt3O9H39OFQLbsYTRaCNTf9z/nQZv9mc8kv98kJC98b+l7ijTblvrpuW7Bkn5uFwyWeSwwF/vss5f2YZ+tXwbmPiw/GujLTKE4zfZNor/yWRgA3Cx5WM2D80nfto+bL2er2XykN+9XWw+8+sHhu2A3nVML/bjTz5/2YdnDlWVGmqDY56Dv7nD+WhaYdynHmDaf60Yn2vffMD3t22YiTG9l0t8c3vcheedAGDQs36xTr01VYfmsiVVuxPAe2V4O1hqgfA7MW5ZjzEPya3WTg4fpeXCeh+ofF/7cBu6Ut/1obp+lOxfBBiVpEGF7KBbvHeqVWddJY6syeCjrfg7MG9xc53Wjr4TkvYbpZQsUFx+K7Z0A/f1CCJzPWOca7uYLPv9uDrTgc6Hd0i4B42Dd5ZUZIhbuC28ab6nYLDB7O1VogOMgeeyrRX8PlWOk/0E6He1GnWQWX+D0oYvmzjZ6d0s9fl4Sqkdb/utMlvSV/yz8OfWXj8ceYPX1nNG21Eoz8WeuCPrFfdFKjdi/x5qgOI7HPuAzdvE/PDTDfN3MSi4m2q24UH13lrraWYSFnQKiUYrBfHvEC2GZLbSaANYMzP3M27KgfO5VLwHCxLymM1qYuDaQxWEkCMywN1/M5qcZ5sVyjLQno5pIIolY02mhH/Mj3cdagh37kZ0yYLnJ3cCcZpivGzPKxHsQpJm3UcBfzZ7Ldffr9LbkQlhmIG1jIRks81UN8y+CMgFDRQoTLyKOeLvr9do3XHVYTov77ITBUNS+w9emdyemvhWWCRgqoh17vUgphrAsLDMk/Qm+9tXOXt9qEwKGilS3HHHW5Nz+51UPAv8UbgAO4q+7f+E7bUIwKSy3AX+vaTNblEudYdkeywCHM7n7F8wwEylYRF3kl1joJyzDPvysCeArSjIIGyzGTcxFfp9Gul1YdnytsAz7oH/Bl6bLJqgEZqIEi8iHNzz3LVfXp58KywBHsXStkMBM6cEi8iK/xP7o9fXpcfA+DZCz9wIzEaXTztqgv1sKyhb61ReWr7QEwNGYYSZcuDhrZidVRmWhn7AMwAF1z92JwEykcDHqfrwM/CveWOgnLANwUJNV/4XATInhom1mNZ5RpVllJ/oJywAc1q3ATCTRF0S9stCvmrA8EpYBsvFeYCZKwEjbx0U+HjgFZQv96ujLJ03sNyWU4VYTFMVBM/s1EZiJEDDGTdzDSeYs9KsnLNtnmRz8RxMUxT1jf6b3PX8FZkoKGBfBf00n+gnLABzpGXzffykwU0LASMHiqoKA4UQ/YRmA43h/33/5nfahANHrlhMn+tUx8HOC33Hc9p+/m9k6gfm1Nuo+3/c/TypuG8rRaoK9mQjMlBwyxt2PcfBfMz28LfSLH5bfedgdVCpvetvM9jT/+NADst+uMt1r/qhsUGPNhMDMrH55KjBTasiooW45sdCvjrB8ojUOEv5epQHoptdU/7A8676v62b2JsD3BfWYPPQ3CMzkHDJqqFu20C++GkqKcgjKaeB5ves/KAXn7v7zpJZBzqpjgMn2uch+vH/ob7DoDyHjuJzoF/sBlwZ9Yy2x16B83n1+GiIsL4TI9M99pnnJjIH3/jw4cBSYyTFkjCsJGem1sQU3cfvxC2F57w+4X7pr6GwfJU19icZ58DZ0/4HuOlhn0b3ATG4ho5a65Y8VPIxrH/RdaIm9XTvPugfckwPsLHNdQVtSjlYT7G3w/SCBmZxCRi11y8m5hX6hB31XWmJvD7afDlX33wfyyLOw73UpgZn1rgOL/shJLXXLafsa28jFDcvvtMTeBplnR/j/fRv4vmTQXpbvNcFeBsZrDcAFZnIJGk+beuo9negXsw/X9Ibk0KHu2RF3c4g8w6yGuSwW/Q1v7fuKwEwOQaNt6nmFfWMbp7DstbyfQPfkyOVLkWdhp7oYlXu77t+ohpkc1HRcsG3kYg76roTlwV1nEJZDO8CiSYY10gSDm6z7N5ph5thBo6ZDHc49oEL2YdvHDS9tuWhwmUlQgKCmm2ztKjBzzKCRRssvKvl10yyZhX4x+7Dt44b1fMhDSFhJ/XJ59xqOOGhUksGxLv5UgvGmol/51KvlcH34pLI+LCzH8rcmoHJvN/mbBWaOpabdBG6FgJADPjtiCMtF35c0QVFGmmBwk03+ZiUZHCNspDKMpxX9ymoxYw74LPIbRnrz8sQx8Ydlt57i2IN5WDebvvU1w8yhw3IKGS9rGsF6MIXrw2eVDfhqD8sRB0YGJ+UxQB/WxqdcCswcWm2vsR1SEissjyob8O1bCTPLEe9XBvHlaTXBoG42/R8IzBwybNS0hVxyaRu5UP03PbAs8htwMFlIGcbjgG3/l+4nMFfsdptns8DMocLGqKlnC7kkvWo+982HUtMBO4cIy9eCytFMdMGinp/KMTLo/wIzh7jY5zsK1OSVbeRC9WGL/OoMyxED80dvvorTaoJBvRaYydVVZRd8Oj3ozNceJiyPGyf5DeW8pLAc9LCIiW5YHIP1YZ/PW5WCCczs+4GTdhOobUcBpRhx+m96UDnJbxjXBQ4kIwaV97picX7WBIO52fZ/KDCzz7DRNvWVYjikJE7/dTjJcNL2iiXuGBNxwd9EdyxOqwmOP2AUmNmnGsOGQ0riqG1Xl70NIrvPs0L/3UfBvouPDogpkvvQcP3fDDN56U/zG1X2azukJE7/HTfqlgd5QKWwXOIC2L4cJ9qA3/2pvH440gqDudnlfywws68HTY2HO5hdjtF/20bd8lCeFLwjQ8Sg8laXLE6rCfLo/wIz+1BjKca1V51h2G95GM8LvybUL5MDC/6GsVM5hsDM4P759Yezps56Kztj6L98dhlg8eso2Hcytf9ykdyPhnGz6z9AYGbIsFFrKYYjsGP031Gl/XdoqZb/tPC+kLbCjPaW4UbXNHCr2M7lSAIzQ7qq8Hd2BHaMsPyo0v67j+vhWYDfI2I5hv2Xy7svmV0e6L60azmGwMyQF/ZZU+erI0dgxxnstZphZ0+CXA/RDlsaJDBwcALzMAbp+wIzQ42Ca3yVnYLBpR5QfP+t8TTKfTiNsPC1v59FGzxNdM8iWfA3jFcCM7mo9VX2udnl4sNR2yjFGMJNdy1EGTz+HvD7sZ1cmcww72461EBeYGbXwHFW6UU9DRQQah/s2UJux2uh+zwP9PtEfNugHKNMI02QT98XmNklLNdaipFY6Fd+/63xNMp9eBblTUvUcgxvworti+zutcBMDmp9lT0NsMds7Q+jtrGF3CADx2AH9ijHIBcG88M8qwe7PwnMbBs4zpp666vMLscY7CnF2E2auTwL9juNA35PyjHKZMHf7l4N+Q8TmNkmLNdcimF2ufz+qxRjd+kV//Ng/SLiYSW3DlUqlntUZoNFgZlt1LyrgNnlskNR2yjFGMJpwCAWsRzjta5a7H2q1RI7mQx9jxKY2fRCPmvqLcWYmF0OMdhTirGbm2jXQX/So90xyIUFfxkOFgVmNh311jw7Z3a57P6rFGN34UoxeuOgA/ypLlukx5pg5/vU4INFgZlN1FyKkR4+E13AYK9yz4NuUfZHwN9JOUa5DOx3c7OP+5TAzLqBo/bZObPL5Q/2lGLs/hAK94q/u7el+1ob8fvSZYvsj+k+pSQjw8GiwMw6F3B6mNQ8O2d2uez++7QxY7OrqKUYScTFfjcOKymWe9Vupvt6XgvMrOOiqXt2zuxyuWE59dsrLbGzkKUY/WTAOOD3pRyjXOqXM+37AjMPPVDS7NzTipvA7HLZXjZKMXYVshSjFzEsfwz8fdVgpAl2ci0wc4ywbHbO7HLJ/Tc9eF5oid3CVxO3FCOJuNhPWC77mat+ebfB/VRg5hhqn527NbtctAtNsPuAMWotbBdOxkHvb69022I91QQ72WspksDMqofJqDE758FTbv89a8zU7CqVI10G/v0izi6nQf6trlss9cvbm+67FElgZpULF59T/QoNy23QMHRop8EnBCIOqCz2K9tIE2xt76VIAjPLHiZnjdk5tctlD/Ys9Nux/wefqYy6TaZBfrnP3fTMbbXE1vb+Rlhg5u5Fmy7Y2mfnzC6X239HjTrAnft/97kM3EfSPW4UMSzbe7loI02wtYMcAy8wc5fZObPLJbPn8u5OgwevqLPLyjHKpn55ewdZb/SNdmau33P5TeXNkGaXf9Ibiuy/Z03dJ1IOIc3UPAncR9ruxwf3LTLsm/+nFfLu+2aYmV+saVbZNlx2xii5/1rot7vnwX+/qH3Efavs+5cysu0d7M2KwMxc2kKurbwN0mvoa12hSEqJdnd5iDrAIw+qxu5bZOg3TbC1g/V9gZn5a0qvspvmlUUzRfbfUdAgdOjQFb12/0XQQdWN+1bxRppgu7B8yEG+wExiodQsMFxqhiIZ7O3uPHLoCl6yoxyj7L5pO7ntHXShq8DsYn1qdPuJWZoy++9Y/93ZNPiJfknU2eWJk/2Kp355+/vWRGDmUGHDQr/PbCVXJrPLuwu90C/47LKt5MqnfrmQZ7bAXDcL/WauIy92ChyEzvTfnU0OPUtzpPtcxNllByyVfw9L968TLbGx9Db45tD/pwJz3Req2bkZszTl9V/byA3jVD9x3+JolGNs5yinWgrM9bLQb6aGGbaI0mDPNnK7P3Si179GnV22SDkGp/tt5ygLXQXmClno9wWzNOX137YPQuzmPHg/iTy7bJFyjP5phnm7gf5UYOZQLPSbUQNYJqVEu7usoG4/6uxy+MFOJYTl7Rxtkktgrm9Ue9ZYKDVn/9Ly+u+ocUjJrsIfUtK/hYg8uzzVjYtnd4zNHbWEUmCuK2xEfohsExquNUNxzC4PMFCs4HV+5Bp3A/3yn8XKMbZz1BJKgbm+sGGh1My1GsDiHjKjRu39EAPFy+D9JE0MjIP+ehYpxyAsb+7oJZQCc11hY6wl/mWWpswBHzv2+0pml923yJlyjAL7vsAsbNRIDWB5Az47u+yuhtnlyBMDaYbtRjcuvo8qx9ju3nUtMHOIC3QsbOQ1UmVjdnYZoN+bXS6anTFiEJYLvXcJzHWMZs0ufzZVA1jkgK/VEjupZXY56sSALTDj+F0TbCyLvi8wx/dC2PhypKoJimPAN0C/r2B2OfLppWaXYwzq2sbb3o3Dci4llAJz7Isz8klX27CVXHl9eGzAN0i/v9RPyv3+zC6HoRyj4MGiwBxbqvu0jdxnjpMtj9nl3YWeXe4nBiLXuHsrFodyjM2f2VOBmX0/RNrGNnIePGX34dR/Wy2xk/Czy03sI7Br+P5qeiafaIlyn9kCc1xXmuALt91I9VYzFMXs8gAPnOCzy23wfvLKW7EwlEduJrtDegTmmA+RUWNhQdYjVR7sw+PG7PIQroP/fpFLMcwux6J+eTPZLXQVmGMyM/f1g8eG//pwdWE58gE9/cRA5BBidjlOX31qAmAjWR4BLzDHuzDHjdnluyz2K68Pe7jsLvpWZGaXKYWjsDccLOb4LyUwx2NmrpCLj5WsJB9mkDgNPKhKC/0iL6Ayuxynr6YFqWMtsbZsj4AXmOM9RFot8QWL/crqw6PGGxKDxIcDSOSJAbPLsahd3ky2b8YEZg8RwYGc6MO7mwQ//j31kcj7y5+aXQ7F7hjry/oIeIE5jsh7ke7CYr9yBn2jxuzyEF4H7iMn/b1OYKCU/mrv5fVlve5CYI5xUToCe7lrMzVFUbsscD3kIvj3d64Lh+K5HOjeJTDHYHZ5ubeaoJhBX9tYGDOEyLPL6T43EhgopL+mZ7L65UCDRYE5RtBQ97n84aMcoxz68DBCLharZI2G2eVYUlg2kRVosCgwCxpRCctlhSEzMbuLXIJ0ETx8TMwuh6McI9hgUWAuO2i0jdfYq9gdoxxKivT5++5zowruc2aXY/VZi/3WV0wpksBcNrPLy91GPrQhIDMxu5sE3m/8ooLvbqILu6dVqpjBosBc7gi2bcwur/JaExTTj1MfNrusz6/qH2dN/Jm6U903VJ9VYra+oha6CszlMru82rUmKIaZmN19jFj/2k8KRO8f104iDcckwPqKKkUSmMt9kIy1xFI39l4uph+PGnV+BoirXVUQPNQumwSo1W1pA32BuUxml1ez93I5HFQyjHCL/fpSnVH0sGytRchJgFZLrKW4UiSBubwLMl2MYy2xku3k9OOaTKKFrr4GNPpCv/QW7FL3Dcfs8vr3rYnAzL6ZXb4nLCvHKIawPIyIi/1qKMU4da8KOQlgsd96iixFEpjLuyAFjdWUY5TDTMzuwi326+5xTysIHY7Ajslk1nqK3UZRYHZBRqIco4xQlAZ9VpHr73f7RQ2lGMlzXTfcPc1WcusrdhtFgbmcC7JtzC7fGx684iyGxX7DiLbYL00ItMG/M4eUxGQSYD1Fb6MoMJf1MGE15RjlDPxGWmJn00j79/a7C7yo4HszuxyTErP1FL2NosBcTsgYa4l7KcfwYKlJmNnl/nX2VQXf2aVt5EI+n9OzudUS8fu/wFwGs8sPhGXlGMUw8DNAXHZ/ix440v3JISUmAWoVov8LzPmPXlsh40HKMcroy6kfq/MbZoA4DdInRk0dpRi2kYt5T0v912mlD3sVof8LzPkzu7xGgNAERbDYzwBxMWzUUopxaxs5z+eKpcF9iEN6BOb8Hyi2qnn4YWTmJv++3DYW+xkgfh022gq+r1NdNuQ97cQ9bS3nUZ7RAnPe0qtKr7Dv91oTFEGd3zCuIzx8+gNKXlTyfU10W/e0SoU6pEdgzveB8sgFuRblGGXwpmQYxZdjVFSKkQY2ZpdjPp/bxtqidYTaRlFgzle6GM0uPzx6nWqG7B8uKSy3WmL3ANb19wgDxKtK7m3nysXCUrv8sHCH9AjM+TK7/DCzy2X4TRPo7wuDpxreNqS1FZe6bMgJgDT4H2uJB4U7pEdgzvOCTBdjqyUe9F4TZN+XH3m4DOZt4X0h3dOuKvmulGLEZXb5YdcR3/4KzC7IYgV5PR2d2uVhRCjHqKUU49JCv9ATAO5pD9yrog4YBeb8LshRY3Z5HcJyGZQW6e/pvpZ2xBhVEhac6BeXnase9ipq7b7AnB+zy+tRjpF/SEoDP6dgDeNtwf0g9YGLSr4nJ/rFvZ/ZuephaSH+WdRfTmDOL2CMtMRazDDnz6vLgZRajlHRFnLJxIl+oZldXmPAGPmXE5jzYnZ5/VHsVDNkz2yMwWG6p9XyluG5rhqT2eW1B4yhJ7IE5rwuyLGWWO/C1ATZ9+cUklotMYi3hfaBWk7zS84N4kMzu2zAKDBndkGyHvXL+ftdEwymuFmbykoxQtdtGvybXV7DZQ0DRoE5Hy7I9U00QfbULw/jttBFZG+aembklGLEdtGYXb5PNTvDCMx5jGDHLsi1qV/Ovz8rxxjO6wK//7OmnsXL9lyOfS9L97GxlrhXNTvDCMx5MLu8Pg+n/CnHqLS/9/vI17J4OQ3c7bkcm4X4D9yfatoZRmDO4wFjr9r1qV/On3KMgQJZ9zC6LeheVlPdcmLP5djP5rYxu/zgNVDTLyswH5/ZuA1HtJog64eMcox6+/pVRd/9TfQttDC7/IDLkgb0AnP54cJWcptRv2wAWJNitpPrj76u5c1CmlW20C/2s3nk2fzgNVBdOZLAfFy2ktvMRBNkTzlGZf29sqOvk+dKMcIzu3y/KsuRBObjMhu3mb80QfbBqdUSgyhiO7n+Ldmbir4XpRjx72Ojpp5dXrYayNd6BLzAfLyL8qlwsfmFqgmy5iEznFLKMd5UdB9TilGHC01wr9Naf3GB+XjMLm+otgUG+rTBYeaD/rPKBknnSjFi689EsGvV/ddAtc/hb3z/R7ko2+7HBy2xWYDoLtQnmkGfrmRw+E3m33cKyu/cfwh0D0vlRX823vyuMu0+v9Q8aDTDfBxjTbAx+y/nbaQJhgtnBQSLmuqWU0B4pluG90JYvlf1+44LzMfh1fXmlGPk7TdNUM3gMM0sP6ro+7ArRnD9GzIn7q5msavAfJQL02I/gTki28kNZ5Lx/SsdTlJTjaegUIeXlQ0CN5EGi6eaQWA+BrPLW1ywDizJfhDIQLq+Psn0ex43dZWT2RWjjvvXqFEmeZ9zz1+B+RgXZtuYiduG2eW8PdYEg8k1LNd2OEmiFKMODim5537UXQOXmkFgPgZheTsW/OnX+vrxwvJ8kV9Nr6yVYlSgf2sy0hIrKcUQmI/GooLtTDVBtg+ctlGTP6RJhv9Obyr7jtP9RilG/HtXGgCaXV7t3NkHAvOxLs6RYLE1F22+Rpogbl/v7lsXFX7HSjHqYBu5ewaN3TVwphkE5mOx2G9LRrlZs53cgGE5p6DWv65+Udl3cJnroksG7dspKJtdvmfQqAkE5mNS57lliNAEWRtpgnh9vdJFfmnAomazDleawKBRYM5zNDtu7PG4rakmyLZfn+jXg3qfyfeavtN3FX63ZtXquG89NdC/93l7rhkE5mPy2np7f2mCbHlrMqxcZphrDMunSr+qCMupX19oidWDRvX7AvOxL1DBovwQwdfsvzygHAJbhSf5JfaarYeFfqspxRCYj26sCXZitJuvkSYYLrRlEJZfVHi/SveXZ7pffH0JmYV+q68DpRgC89HZHWMHRrzZPnyE5WHdHvn7TG/BanxV7RV0PZRiuA4E5oxDRdvU93pz6FEveRKYh3W0Wv1+5q3GXQMuneZXzbP4hXvWSk61FJizoHZ5N+qX86V+OUBfr/TY63l7ewVdR1h2ot9q08buMAJzJhyFvfvFTJ5GmmA4x1jwt7B9XFtZc6c3V15B1+Oqsf3lKq4DgTmLUe1JYzXurv7WBNn2bYZzrDcpqaazxu/y3BZy1dyr0lteb3qXsyuGwJwNi/12N9UEWRppgrIDcxckUlgeV9jWN7aQqyYsp1llJ/qtfrYqSRKYs2FUKzBHpX55WAd9k9KfPPqi0vuJes16pLplpRjLKcUQmLMZ2SrHEJgjU5IxrMkB701pIF/rrNszIaGaZ/Co0kHhOpRiCMxZUY4xgO6iFpjzexC1BoNlDgwr3j4ucfR1PfcopRir2R1GYM7OSBMQlNnlAgeG/UAn7YhR4ytqdct1eWlQv5JSDIE5q9FtK1QMYqIJsqR+eVh7n/WseK/lJA1G1C3X8/wdNUoxVrE7jMCcHYv9iMxgcPhAt++w/K7i703dcj1hWSnGapPuOjjTDAJzbtQvD8NDLk8jTTCofR+JXetey4m65bqksNxqhqXPUm9ZBObsRrhtYwaulCDB5v1b3x7edI/fVwoQ40rbVd1yXfcmB5TcP3CcagaBOTcjTUBgAnMhgbkLEGcVh+XUpmbU6gnLSjHuHzheawaBOUe/aQIC+1kT5B+Y+4NJXlbanun1s7rluqSw7IASA0eBuTBeCQ1nogmyY4Z5YEO/Ku3Dcs2zbeqWK9L19xeeuyvZQk5gzvbCddES3UgTDGrosDyqPCxfe/1c1TM3DeBfaomlzp3mJzDnTDkGkR9OrVbINzD34eFNxW2ZZpVPdamqKMVYcS3YQk5gzt1IExCYcoxMA3Mflms9xS9Rt1zfAL7m7RIfvBY0g8Cc88WbLtxWSww7StYEAnNwfwvLg3hm26yqnrep/NFpfss9dy0IzLkbaYJhmS3Kjh0yhrdTH6/8yOs5tZp1hWVbyK2WavhvNIPAnLvHmoDgWk0wuK3foiwceV3z93KjVrM6tQ8Q77uXqOEXmItghwyiU5KRiYWwXPN3kgKCPWbr6vdpcDTSEl/5dPS1t7ICcwkXsQuY6H1cWN6PqbAsILD2c9YWcsvZe1xgLobt5IjOK9A92HRxjrD8r+cCQlVheV6rz9fsPS4wF2WkCdDHOUBoEJZni/wsbKpL7bvArKJuWWAu7iHmdTXR/agJBjcVljd2bZFfdc9Y+y0vpyxJYC7OSBNQgVYTHCcwC8v/MptWX1i23/Jq6pYF5uLYTo4amOE5TmAQlmec5Fdf30993n7Ly6lbFpiLNNIEVED9oLB8TE+cXlZd379y31nKmxaBudiL2sOM6P3coHB/Dz5h+WF2xKjPlb6/lLplgblYggSwrf8Iyw/y6rm+AfpZ4yAwg0eBORwPNAwMGTIsCMufTbpw4CS/uvr/uHE4ySqXtlMUmEtmwR8gLA8vzaI90wxV9f/U7y+0xMrBo7plgbloI02AgSHC8qDUadbZ/9NJfhb5Lb8eDB4F5qIvcGF5/20sPCAs1+eJOs3qpP7faoaV14PBo8BcNA+3/TPboK9HdtsPCj9o439Z1FTfgNGOGK4HgTm4nzUBBi7soG1mM2vad+bSjhjVheWz7sdYSyxlh5gMfacJtjLSBFTwQBPm9scCpy/DgUVNdd1bUlC2I8Zyt3aIyZMZ5u1CRKslDEoq4FUpew8HjZPLanuGOvZ6tVSv/EQzCMxCBABz08aiphrD8jstsZLrQWAOZaQJDuJ7TXB0rSZgTz5tlyUcVBWWbR93P4v8BOZwLPg7DDP5AjNx2T6uvrBs+7jVLPITmAU5AL5gJq0+bzw7V3IMvMAclhHyYYw0wdH9qAkY2KmZtLr0ey27ny83bZzkJzAHvfBd9BgcwnbSa+dLzVBdWB5riaXU8QvMoXmlZIACbBeWvXau6/59JizfS2mSwByaV9SHZTU1lM9ey/WF5RSUHUyyWipNutEMAnNkZpi1t/aHzcKyvWXrC8sOJllNaZLALEAwOFv4HZcZfnahRlNY5s4AUmmSwFzDjeCRAHFwrSaAYsNymlmeagphmVlYbhx7LTBXwuyyNgfWD8sWNAnLfL4mnnvbIjDXotUER7kRj7QCFOVUWBaW+cIz14TALDCzb2aZj/MQVH7ENp47mERY5qtrYqIZBOaaWIB2HI81gYEKRXCKn7DMl85dEwJzjcy4CW7AcrbKEpb5+po40wwCc41GmuAo2u7m3GoGyDoY2CpLWOYz28cJzGCwAgjLwjKrwnJj+ziBueKbhMB2XOqYIcNgICwLy3zBYT0CMxzVU00AeYXlxiyasMzdsOywHoG5eiNNcFSPuhu2xX+QUVg2i1ZNWL4Sltdir2WBGbLwuyYAYZmDh+WxlniQvZYFZnr2YD4+ZRkgLHOYoJze6r0RltcOy9eaQWBmxh7Mx9cqy4Cj+dgHA2G5grDc/XjXmKRYx7WwLDAjMOdIWQYcJyw/UZ9ZRVg+6cOyyYn1wrJdYgRm7nDzyIMZDxCWEZaP7UZYFpghZ6ksQ2gGYZlhw/K4+/Fn423qOtL1ICwLzCy5kbiB5EVZBgjLDPeMO2tsG7dJWLbwVWBmBa+n8vK0u8G3muEggQlhmbhB+VG/bdxLrSEsIzAT0x+aYL+EJWFZU8QOy82sXnmsNda+LuwSIzBDccZKZUBYZquwnN6afmi8PXVdIDAPzE0lPyksv9AMIBSwUVgeNxb3uS4QmPcYzsjPH2aZQShgraA8r1e2uM91gcBMhQMZs8wgFHB/WG4b9crbeO66QGAmCrPM+zXRBMIyRYfltG99KsFQWrh5WL7RDAjMRJHC8oVmAGGZr8Jyuje+aZQVbhOWrzUDAvPmftQEWUs7Zow0AwjLzEowuk+aVVayJiwjMB9UqwmyZ5Z5P6aaQFimqLA8bpRgCMsIzLDCSX+8K8P6WxMIyxQRlNMuGKn8Iu2CoQRDWEZghpVe9hvyA8JyTWF51MxmlZ9qDWEZgRnWcWXXjEFNNYGwTLZB+VG/sC9tGddqEWEZgRnWlWaY1TMLzHyWQvJPwnK4sDxqZrPKFvYJywjMsJW0a4aHCMzCcppZ/qgpwgRls8rCMgIzDObCVnO76x4oE60gLJNNWE73NLPKwjICMwzqjUWACMsECMrzHTDMKgvLCMwwuLT4753QvLOJJijKtbAcKiyn2eQPjR0whGWO7jtNQAWh2Q4BVBGWu37+XDOECMrzBcwjrSEskwczzNQSms00b+e9JhCWOVhQTuUX6fCRP4VlYRmBGY4Vmj2AiOhcWA4Rls+aWfnFWGsIywjMJTLDFis0exhtZqIJsg8EZ5qh6KCctsJMQfll41hrYZlsqWGmNuk0wMfdz1MLo9Yy1QQCAXsJyqM+JI+0xqA+9tfGjaZgSGaYqdG4Ude8lu6hIzDnGQieCMvlBuXuk7aIeycs7+3aEJYRmGEgKSz/2dcNcj87jOQZDCgrKLf9gj5Beb9h2f2KvfhGEzx4k0v7YF5oidCmzewV3kRTfH64dz/+aGb7v7ZaRDhg62vppL+WxlrD9YDAHPlmN+pnBIhv0gfnacUP9t+b2eyXcpUyQsKp0oysnx1qlPfvtr9vC8sIzAIzB5YCyKsabsBd/04zyGkRpJnkcqXQfKkZsrqm/hCUDxaWnWyJwJzJze9TrauWqNKkD843gfpz2z/If+t/2sYqziDPzi/Hu67SdTTug7KBp7CMwFztzfD/tELVpt0nhebXpc06LwTkx/1PD/PYAcKr6cNfX6ns4qnB50Hd9H1dWEZgFpjJPDy/zXGRYF9CdNIH5BMBuUrnDjPZ+3U2bj7X+3NYjoFHYM745vhB8GCFFJrTaZBpVu/2UAsG+1Khtg/FPy/8GZq+P57a+WXway6F5BSWzSYfx2XXp081AwJzvjdK+2ayaYhOwfnvZraTwfwV+ceHXpf3tZCLwfekfzj/2Ifi1uCNDVw3sxnnqabY6t6frrX5Ij7X3XE52RKBuYCb5lVjD02gTGnQ9qqZzc6p+Vw/JP/eeGsjLIPAvNEN9KyZLewAKDk4p9DxyozzV/f4FIxHQnKWfdaBJAjMBd1Mx92PKy0BBJGC8+taa5z70qcUkOfbK7a6RHbSoO6ZsIzAXNbNNd1QHV4CRAwlr5vZzgPTCu7j6TPfYpF82WMZgbnQG22ajfhfLQEEDymTpsD9xpfcs9s+FP/cOOq9NPZYRmAu/AacArOthIAafGw+b5k4yTlA9zPHbf+Z7z/uXl0meywjMAcIzLaWA2qWAvS0+/zVzGajp4co47iz1WK6B3/ffD6Up/W1hGEnDLL2nSZY263ADFRstCTMNn2Ingfn93f+lsX/7sF/XjMroZjPDpsprsPHPizfaAoE5hj+0gQAX2mbzzO9I83BBtJgyk4YCMzBuKABYLhnqp0wKIYa5g388+sP/6cVAGAnFvdRnG81wUYmmgAAtnYqLCMwx6csAwA2l0ovUr3ypaZAYI7vvSYAgI3M65XthIHAXImJJgCAtd30YdkbWopm0d+G/vn1hz8bx6wCwEPOu6B8phmIwAzz5iaaAABWmtcrC8sIzBVTxwwAy6lXRmDmk4kmAICvqFcmLDXMW/jn1x/eNY6ABYC5U1vGEZkZ5u281QQA8Kle+YmwjMDMMmqzAKjdpPv81IXliaYgOiUZW7K9HAAVs2UcVTHDvL3XmgCAysxLMIRlBGbWoiwDgJpMGiUYVEpJxg6UZQBQCSUYVM0M826UZQAQmRIMEJh3dq0JAAgqlR4qwQCBeTfdTeSj0AxAMOnZlg4iedY/50Bg1gQ7U5YBQBTpWGsHkcAdFv0N4J9ff/jQ/Wi1BAAFu+yC8qlmgK+ZYR7GuSYAoFDTZjarLCyDwLxXaWGEOi8ASnx+/WJhHwjMe9cvinilJQAoRHpuPbOwDwTmQ7tszDIDkL/5dnFOrAWB+bDMMgOQObPKIDBnwSwzADkyqwwCcx7MMgOQGbPKIDBnySwzADkwqwwCc57MMgNwZNPGrDIMykl/e+L0PwCOIL3lPBeUYVjfaYK9ed593mkGAA7gtvucOoAE9sMM8x798+sPb7ofT7UEAHvyqQywC8pnmgL2Rw3zfp02FgACsB/zY62FZdgzM8x79s+vP7zoflxoCQAGMm1m5Rd2vwCBOVRoTrXMIy0BwI7Ou8+lRX1wWBb9HUZaAPhn93mkKQDYQppNTrPKU00Bh2eG+UD++fWHcffjSkvAFz4aSMK9UkB+bvcLEJhrCs0pMI+1BMxqMPuf74RmWDqYTPspX2oKEJhrC8yP+nBwojUQAv69LtLWi280DfzL4SMgMFcfmk8aM2rUaeViJSVL8MmkmZVfTDUFCMxCsxk16nLdzGbLpg9cF0qWqDkon6tTBoGZr8OB/ZmpIQSkVf23G1wXQjM1mfZB+VpTgMCMcEB9QXnr2TLXBRX42A8mBWUQmBEOqMy0GWj7K4f9EDgov2ocPALFcXDJ8aWttU4aO2dQdlAe+rXys8aOMgjKQCbMMGfAdnMIyiuvDW9gEJQBgRmhGUFZaEZQBgRmhGYEZaEZQRkQmBkwNF8IB2Rk0mSwR6zDTRCUAYGZu+HAjBqC8tfXxdM+NDspkxxM+6B8LSiDwMzxwoHDTTiG62aNk/mOeF2kkqV0Umbrq+KIQdmBIyAwk1E4MKPGIcxfKV/nGpTvXBeP+uviqa+OA5o0jrAGgZlsw8FJHw4sBmRoKRyfd5+bEl8pd9fGWffjpa+RPQ8mb5qM37oAAjOfg4EZNYY06T6vugBwE2RAqUSDfQwm1ScDAnOh4SDVNacZNSUabCo99K/7oDwNOKBM18ULXzMGk4DATAoHbTObUVOiwTpum9lM2U30mbLu2hg1szcxra8dg0lAYGZev/lHY7aZ5QHgpg8At5VdF2abWdek+7y22wUgMMcPB20zm1EbaQ0EgC+ujfQG5sK1wR3TdI00hewIAwjMDBsOnvbhoNUaAgBfXBvjZjbj7Nqo1/yNy2tbwgECs2CQXkWn19DKNOoIANd9ALjVHK4Nlkoh+a03LoDAzKpwoIYzZkieBwAr+AVn7gnJTQWLXAGBmWHCQdsH57HWEJIRnIVkAIEZ4SCKaTNbvCckH+baeNqocS5xIDkRkgGBGeGgLrcLD381yce5PtK18XvjNM2cB5JpAPneQBIQmDlUOBj14WCsNY5icYZsYneLrK6Ntr8ufjewPLpPAbkfSLpGAIGZo4WD+axzCgcjLbJXk4WHv1nksgaW6RpRznS4a2Ri+zdAYCbXcND2weA34dnDn6+uj8Vro9UirhFAYEY4mM88P27Mrq1j2szqkOcPfzPIsa+Pkz44G1xud43cCsiAwEzkgPC4/1lzgJ4/+P9qZjNkt1bpV399pEHlycL1IRy7RgCBGQHhU/lGCgY/90EhYkj42D/00+fv+Z89+Fnj+hj118X8+jgJHIzT5/38z2aOAYEZHg7R8yD9Y//nFBRyno2eLnz+XvizYMzQ18fJwjXxc39dlDDQvF0YPP6nmc0YN4IxUJP/L8AAXfHtDi/2/1wAAAAASUVORK5CYII=",""
"https://www.synchrony.com/legal/account-features/cardholder-agreements","https://www.synchrony.com/syc/img/image_credit_card.png","synchrony_Cardholder_Agreements.png"
"https://www.synchrony.com/financing/credit-cards","https://www.synchrony.com/syc/img/syf_portfolio-page-hero.jpg","synchrony_Synchrony_Credit_Cards.jpg"
"https://www.us.hsbc.com/credit-cards/how-to-check-your-credit-report/","https://www.us.hsbc.com/content/dam/hsbc/us/en_us/index/hsbc-logo-1200x1200px.jpg","hsbc_How_To_Check_Your_Credit_Report.jpg"
"https://www.us.hsbc.com/credit-cards/rewards-credit-card-explained/","https://www.us.hsbc.com/content/dam/hsbc/us/en_us/index/hsbc-logo-1200x1200px.jpg","hsbc_How_Does_A_Rewards_Credit_Card_Work?.jpg"
"https://www.us.hsbc.com/credit-cards/how-many-credit-cards-should-you-have/","https://www.us.hsbc.com/content/dam/hsbc/us/en_us/index/hsbc-logo-1200x1200px.jpg","hsbc_How_Many_Credit_Cards_Should_You_Have?.jpg"
"https://www.us.hsbc.com/credit-card-resource-center/","https://www.us.hsbc.com/content/dam/hsbc/us/en_us/index/hsbc-logo-1200x1200px.jpg","hsbc_Credit_Card_Resource_Center.jpg"
"https://www.us.hsbc.com/credit-cards/mobile-payments/","https://www.us.hsbc.com/content/dam/hsbc/us/en_us/index/hsbc-logo-1200x1200px.jpg","hsbc_Mobile_Payment_Options.jpg"
"https://www.us.hsbc.com/credit-cards/6-tips-for-using-your-credit-card-overseas/","https://www.us.hsbc.com/content/dam/hsbc/us/en_us/index/hsbc-logo-1200x1200px.jpg","hsbc_6_Tips_For_Using_Your_Credit_Card_Overseas.jpg"
"https://www.us.hsbc.com/credit-cards/products/premier/","https://www.us.hsbc.com/content/dam/hsbc/us/en_us/index/hsbc-logo-1200x1200px.jpg","hsbc_Premier_Credit_Card.jpg"
"https://www.us.hsbc.com/credit-cards/products/elite/","https://www.us.hsbc.com/content/dam/hsbc/us/en_us/index/hsbc-logo-1200x1200px.jpg","hsbc_Elite_Credit_Card.jpg"
"https://www.us.hsbc.com/international-banking/how-to-apply-for-an-overseas-account/","https://www.us.hsbc.com/content/dam/hsbc/us/en_us/index/hsbc-logo-1200x1200px.jpg","hsbc_Open_An_Account_Overseas.jpg"
"https://www.us.hsbc.com/credit-cards/","https://www.us.hsbc.com/content/dam/hsbc/us/en_us/index/hsbc-logo-1200x1200px.jpg","hsbc_Credit_Cards_USA.jpg"
"https://www.us.hsbc.com/credit-cards/tips-for-using-your-credit-card/","https://www.us.hsbc.com/content/dam/hsbc/us/en_us/index/hsbc-logo-1200x1200px.jpg","hsbc_Tips_For_Using_Your_Credit_Card.jpg"
"https://www.us.hsbc.com/help/credit-cards/balance-transfer/","https://www.us.hsbc.com/content/dam/hsbc/us/en_us/index/hsbc-logo-1200x1200px.jpg","hsbc_Credit_Card_Balance_Transfers.jpg"
"https://www.us.hsbc.com/credit-cards/existing-customers/","https://www.us.hsbc.com/content/dam/hsbc/us/en_us/index/hsbc-logo-1200x1200px.jpg","hsbc_Credit_Card_Help_For_Existing_Customers.jpg"
"https://www.us.hsbc.com/credit-cards/rewards/","https://www.us.hsbc.com/content/dam/hsbc/us/en_us/index/hsbc-logo-1200x1200px.jpg","hsbc_Credit_Card_Rewards_Programs.jpg"
"https://cards.barclaycardus.com/banking/cards/frontier-airlines-world-mastercard/","https://cards.barclaycardus.com/etc/designs/bcuspublic/default/icons/modal-lightbox.png","barclaycardus_FRONTIER_Airlines_World_Mastercard.png"
"https://creditcards.chase.com/travel-credit-cards/avios/british-airways","https://creditcards.chase.com/content/dam/jpmc-marketplace/site-assets/logos/ham-menu.svg","chase_British_Airways_Credit_Card.svg+xml"
"https://creditcards.chase.com/travel-credit-cards/avios/iberia","https://creditcards.chase.com/content/dam/jpmc-marketplace/site-assets/logos/ham-menu.svg","chase_Iberia_Credit_Card.svg+xml"
"https://creditcards.chase.com/travel-credit-cards/avios/aer-lingus","https://creditcards.chase.com/content/dam/jpmc-marketplace/site-assets/logos/ham-menu.svg","chase_Aer_Lingus_Credit_Card.svg+xml"
"https://www.williams-sonoma.com/pages/credit-card.html","https://assets.wsimgs.com/wsimgs/rk/images/i/202545/0002/images/common/back-to-top.gif","williams-sonoma_Meet_Our_Credit_Card.gif"
"https://www.deserve.com/","https://cdn.prod.website-files.com/624735b2ac4c07d2d3d09a3a/63a3cf98cbe18f2986d33e32_OG.png","deserve_Deserve.png"
"https://www.petalcard.com/","https://cdn.prod.website-files.com/636a6f81a287f5628189d717/6377fffaa265e3a2b2945444_petal-og%20(1).jpg","petalcard_Petal.jpg"
"https://www.avant.com/cardholder-benefits/","",""
"https://www.avant.com/credit-card/landing/rewards-terms-and-conditions/","data:image/png;base64,iVBORw0KGgoAAAANSUhEUgAABLAAAAJ2CAMAAAB4notuAAAAAXNSR0IB2cksfwAAAAlwSFlzAAAuIwAALiMBeKU/dgAAADNQTFRF////y9/vfa/XVpfLMIC/PIfDY5/Pirfb5e/38vf72OfzSY/HcKfTpMfjvtfrl7/fsc/nn/5gIgAAFg1JREFUeJzt3dt21DgQBVAgFwhhSP7/a4dcnMSJ2227S1LZ2vtlHmatmV4EhK0+derbNwAAAAAAAAAAAAAAAAAAAAAAAAAAAAAAAAAAAAAAAAAAAAAAAAAAAAAAAAAAAAAAAAAAAAAAAAAAAAAAAAAAAHbh+4+r65vbn79afw6AM37dXr/6edf6swDM+X1z/ebKiQUkdnd//cGf1h8H4LSf1yPfW38egFN+jc+r6/vWHwjglNtPB9b1f60/EcC0v5/Pq+sb9+5ATvdfDqzrH60/E8CUh6/n1fX179afCuCru5upA+u29ccC+OrH1Hl1ff239ecC+Oz39Hkl2gDk8yXSMHho/ckAxh5PnVfXN3obgFTuJiINA9EGIJXJSMPASCGQyK/JSMNAtAFI5ESkYfDY+vMBDL7Pn1dGCoE8rs4cWKINQBanIw1vRBuAFKaHCMe0JQMpzEYaBqINQAKfe5GnXbX+mAAzQ4Rj2pKB5s5FGgaiDUBzM0OEYz9bf1Kgd/8tPa9EG4DGlkQaBkYKgaZ+nj+n3ok2AA2d6kWepi0ZaGhhpGFgpBBo5uuq53miDUAziyMNA23JQCOLhgjHLIIGmlgTaRiINgBNnOlFnmYRNNDA0iHCsXv37kB9KyMNA9EGoLoFvciTLIIGaptb9TxPtAGobEOkYWCkEKhqftXzPG3JQFV/tp9XFkEDVW2LNAyMFAIVnV31PE+0Aahma6ThjWgDUMmWIcIxi6CBSlb1Ik8TbQCqWLbqeZ62ZKCKjUOEYxZBAxVcFmkYiDYAFWweIhyzCBoobsWq53miDUBhl0caBtqSgcI29SJP05YMFLVu1fM80QagqJBIw8BIIVDQ2lXP80QbgIKCIg0DbclAMRf0Ik+zCBoo5JJe5GmiDUAhgZGGgbZkoIiYIcIxi6CBIkIjDQPRBqCAi3uRJ1kEDcSLGyIc05YMhAuPNAy0JQPBInqRp1kEDQS7aNXzPNEGIFSJSMPASCEQ6sJVz/NEG4BAYb3I00QbgDClIg0DI4VAmIBVz/NEG4Ag5SINA23JQJAiQ4RjFkEDIUpGGgaiDUCI4F7kaRZBAwGKDRGOaUsGLlY60jAQbQAuVqAXeZpF0MCFIlc9zxNtAC5UIdIwMFIIXCR21fM8bcnAJe6qRBoGFkEDF6gUaRgYKQQ2i1/1PE+0AdisWqRhoC0Z2KjGEOGYRdDARkV7kaeJNgCblFn1fIZoA7BBrSHCMYuggQ0qRxoGog3AauV7kadZBA2sVnDV8zzRBmCl+pGGgbZkYKWqQ4Rj2pKBVQqvep4n2gCs0CbSMDBSCKxQfNXzPNEGYLFWkYaBtmRgsYq9yNMsggYWqtmLPE20AVioYaRhoC0ZWKTREOGYRdDAAm0jDQPRBmCB6r3I0yyCBs6qt+p5nrZk4KzmkYaBtmTgjCa9yJMsggbm1V31PE+0AZiVItIwMFIIzKi96nmeaAMwo1kv8jRtycBJ7XqRpxkpBE5qsOp5nmgDcEKeSMMb0QZgUo4hwjGLoIFJqSINA9EGYELrXuRpFkEDE9IMEY5pSwa+yBZpGIg2AF8kGiIcswga+KTpqud5og3ASMZIw8BIITDSeNXzPG3JwAdZepGnWQQNfJA00jAwUgi8ab/qeZ5oA/AmbaRhoC0ZeJVyiHDMImjgWa5e5GmiDcCzJKue52lLBr4VGSK8ir8Uswga+FYi0vCjxHpD0QagQC/yUwgh/rHNImigwLPQc4NViec2oHPxkYaXQZoC/aXakqFz5c6V+HFqbcnQufhVz0NiqkBhjWgDdK1ApOHtbjy+EtBIIXQtftXzQ6X/ONCbMpGGQcnHN6A3pa+Z4i/ILIKGbpX+Ik+0AYhS/jwpFfICuhMfRv/8xlbgndMiaOhSjXG/srf6QDeqFCrEP8VZBA0dis91TlVWFYg2aEuG7tSanImvM9WWDN2pdZAUKIy3CBo6U2DV84lXNdEG4EIV+/W0JQMXiV/1fDpuUPP/BRxP3R0R2pKBC9S9VypwX2akELpR+5s70QZgs9oHiLZkYKv6xXp1UvXAATWY7xNtADZp0aBgETSwRZuOqvLdW8ABtRmV0ZYMrNfq5LAIGlit1SYb0QZgrXa7ArUlAys13MZsETSwSnyCc/ljjkXQwBptL5Lir8+MFMKBtf2qrsDMtWgDHFbrMJS2ZGCx1k16BXoDLYKGg2o/0CfaACyUoDKh9TMesBMFbpBWP95YBA0sUSDSsGGjqbZkYIEcR0WOYxPIrd6q53miDcBZaa67E1z9A7nlCRQUWARtpBAOpe6q53lpnvWAnDLdHFkEDczJNXYcP4It2gAHkiPSMNCWDJyWrTrPImjgpPhy4rOrnucl+goAyCVPpGGQ7ZEPyKLNqud5FkEDk+IjDZevMG3dfQrklPNsiD9FRRvgAFqtep5X4D3VLRbsXtb77fhvAtS7w+6lTRCEfzDJBti7lque54V/UejAgp1LPAXjCQsYyztnHH+H5cCCfcvb5FLg0c/6HNi3vF15mQq6gAzythEXSLNqmIF9SxtpKPDod/m4ENBS3teuAmlWo4Swa4l3lsY/+ilrgH3L1Yv8UXya1SAh7FuB166g4ECBRz8ZLNi3vJGG+DSrSnfYt3y9yIMCaVaRBti1Aqueo+pb4h/9dPfBvuWNNMSnWQ3lwL7lWvU8Ev/oF3W3BrQR34sc9doV/+gXdbcGtJG1F1mkAfgi3arnN/FpVi0NsG95Iw2GCIGxxL3IIg3AWMZVzy/iH/0MEcK+5Vz1/KRAmjXqbg1oI/61K6q7RaQBGIu/19aLDBSStxc5Ps2qFxn2Lb4cL6q7RaQBGEscaYhPs+pFhn3L24tcIM0q0gC71tWqZ0OEsG96kYG9KLDqOehUKBBpiNo5BrSRN9JgiBAYy9uLnHfnGNBGgV7kvKue9SLDvuWNNMSnWQ0Rwr7lfe0qEGmI2jkGtBF/r60XGSgjby9y3jQr0IZVz8Bu5I00FFj1bIgQdi1vL3LiNCvQhlXPwF7kXfVcIM2qFxn2Lb4cL+q1K2+aFWgjb5JcLzIwlrgXOW9BF9BGfDle3lXPepFh3/JGGvQiA5/kfe3Km2YF2uhq1bNeZNi3vEnyvGlWoI0Cr115Iw16kWHXEkca4tOsUQVdQBt5k+R506xAGwXK8fQiA2XkjTQUWPUc9MmANrpa9WyIEHatQC9y3lXPf4I+GdBG3iR53oIuoI2uVj0bIoR9yxtpyJtmBdrI+9qVOM0KtNHTqmdDhLBvVj0De5E4SZ43zQq0EX+vHdWLnDfNCrSRN0meOM0KtBFfjheVJM+bZgXayBtpSJxmBdrI+9ol0gCM5S3Hy/vo98+v/x4eHv66wYeqEifJE/ci/36NW9w8OLKgovhyvKjXrrxp1m+P76f8lRMLqkkcacibZh29qzqxoJq8SfK8adZP6TD7d6CSAknyvKueo4YIPx+l6gChjryRhrxp1i/pMFkJqCJvOV7iSMPXdJj+B6igwL328XuRJ45S8z5QQd4ked4062Q6zFpWKK6rVc9RadbJdJjOGigub6Qhb5r1xFGqFRAKy5sk31GkYRD0aAlMS1yOl/fR7+RRKtoAReUtx8ubZp1JhynagoIKlONFvXblffSbSYeJNkBBeSMNeR/9Zo9SZfFQTN4keeI062w6LOy1E/gsbzle3ke/M0epaAMUkjfSkDfNejYdZqQQikicJN9hpGEg2gBF5C3Hy/vot+AojTq0gQ/yJskLpFmjBpMXpMOMFEIB8a9dHax6XnKUijZAuLyRhsRp1mVHqWgDRMubJI/vRa4UaRhEPWkCr+LL8brsRZ4m2gChEkca8qZZFx+lUd+WAs/yluPtOtIw0JYMgQokyfOuei7aizxNtAEC5U2S502zrkqHWQQNYfKW4+VNs648SkUbIEreSEPeNOvKdJiRQgiSN0meONKwNh0m2gAhEpfj5X30W32UakuGEHnL8fKmWTekw4wUQoACr12drnqeJ9oAAfJGGvKmWTcdpdqS4WJ5k+R506wbv6awCBoulLgcL++j38Z0mGgDXChvpKFAmrX+EOGYtmS4SOIk+YEiDYOw7yihT3nL8fI++l1wlIo2wAXyJskL9CJXWfU8zyJouEB8OV7UM0TeNOtF6TDRBtgsb6Qhb5r1wnSYkULYKHGSPD7SENVIdWE6TFsybBSfJLfq+SzRBtgkb6QhcZr14nSYkULYJG853iEjDQPRBtgg/l5bL/Iiog2wXt4ked40a0g6zCJoWC1vOV7eNGtQOky0AVZKHGnIm2YNOkq1JcNKeZPkB440DCyChlXyluMlfvQLO0pFG2CVvOV4edOsgekwi6BhhbzleAePNAxEG2C5vJGGvGnW0KNUWzIsljdJnjfNGpwOiyrngsNLXI6X99Ev+CgVbYCF8kYa8qZZw9NhRgphkbxJ8h4iDQPRBlgkbzle3ke/AkeptmRYIG+SvECaNUcv8jQjhXBWgWcFq543EW2As/JGGuIfsNINEY5pS4YzEifJ478iTBppGFgEDWfEl+OF9dGFX7kn6kWeJtoAs/JGGgq8d0WlWePfol9ZBA2z8pbjxZ8LiSMNA23JMCP+migw/xidt8jVizxNtAFOSpwkf/p0sZ8syarneRZBw0l5y/HiP17YV3BlIg0D0QY4IXGk4VnkwuebqIx7fNfh+HOKNsC0vEnyV7/DTqz7qPMq8hCdJNoAkxKX4w3uYi64bx7CnluKRRreiDbAlLzleB/8+u/P7YV+Psa9ZhXoOvzMSCFMKDBEePz7l5KRhoFoA3yRO9KQVKEhwjFtyfBF3nK8xMpGGgYWQcMnicvx8orvOpwk2gCfpI80JFRwiHDMImgYybvqObHykYbB8R9WYYUC8cfjBx6L9CJP6+A6EJbL24ucWHzX4WkWQcObAvHH44eHqkQaBh2c/7CUSMMG8V2Hc47/hg0LZe5FTiu+63CWtmR4Ff+scPzv4atFGgbHT4nAInlXPSdWYtXzvOPfCsICiVc951Ux0jDo4FoQzouPNHRQRF5niHDs+LPkcFb2XuSUCvciT+ugrQfOSbzqOa/SvcjTRBvonkjDBvWGCHv7lYV5hgjXqx5pGHTw7ApzUq96zqpGL/K0498Owgy9yBsUXfU8r4PvX+G0+PhjB2mhFpGGwfH/OoCTRBo2qNSLPK2DF244RS/yesVXPc87/pQmnFCgF/n4X7y3ijQMjv8rDNNEGtarsOp5XgeXhDDFqucN2kUaBse/JYQJBSINx28er9qLPE1bMl3Si7xB3V7kaccv74EvCjwrHH97XtNIw0C0gQ6JNKzXbIhw7Pi/0PCJXuQNWkcaBsd/lIWRAvHH41+tNOhFntbBZSF8ZNXzBjVXPc87/tex8IFVzxskiDQMOgi8wbv4Z4UO3lLaDhGOHX+kAN7oRd6g8qrneR0MbcLAquf1kkQaBqINdEOkYYP6q57nHf/OEJ7pRd6gYS/ytA4uDeGJVc8btOxFnnb8vyTgm17kTZqsep7XwWs4lHhW6GBdXqZIw0C0gQ6INGyQZYhw7Pi/7qAXeb1kkYZBB0+29C4+/tjBmEj7XuRpx787pHMiDRskGiIc6+DbWfpm1fMG+SINg+NX+tC1AvHH47+WpOhFnibawKHpRV6v8arnecef4aRjBVY9H/+v+JyRhoFoA8cl0rBe81XP8zq4QqRXepE3yNOLPE1bMgdV4Fnh+H9a0kYaBh38nUGfrHreIMOq53nHfyunS1Y9b5A40jDo4HsPehQfaTj+d+pJhwjHjp8soUN6kTfI1os87fgPunTHqucNCnQdPt5ZsQZniTRsUKTr0Pw5nFPgWeH4b4TxL4TP6wQL/N1x+B8FnSkRf7x/OLQfBWYIXyIIBg5gVvr4Yx9en4TifxoWQXMo+eOPXRjumpRmwIwdxB978PZtnk1rcNou4o8deD9U4q/ztSVzGPuIPx7eh9c20QY4pcALCOuNYiDxy4uOnzKhE3l3KHRlHD2I/xpEtIFDEGlI4b74T0W0gSPIvEOhI5+7DuOjvBZBcwDxtyVs8GVAWbQBvhJpyOFrBYxxdPgivheZDSa6DhX+wGcFVj2z3mTmQKUifCLSkML0o4/SahiJX/XMBicul6wFgY8KXJOwwamv7yxegw/iv4hig5MBKatt4V2BPw9scDqCLtoAb0QaUpgb8tOWDK8MEaYwmzWI/1ZEtIGdEmlIYb6oSlsyPNOLnMKZKtACyV4jheyQIcIczh0fog3wTaQhibMvaNqSQS9yEgsWBsb3/1gEze6UWPXMaktCBqINdE+kIYVFzzoWQdM9q55TWHabFB9t0JbMruhFTmHh93XakumbSEMOS8teLIKma1Y9p7A4cy7aQM9EGlJYMdWnLZmOGSJMYU24wCJouqUXOYVVzVQWQdMtvcgprOv+jA/6GilkFwwRprDyvCjQDivawA6INOSw9o1MWzJd0oucwuoNgRZB0yOrnlPYkCoQbaBDIg0pbHm40ZZMd/Qip7BpMsYiaHpj1XMO276g05ZMZ0QaUtjY7lLgC16LoEnMqucctobMRRvoikhDCtvH+LQl0xG9yClckCYosAjaSCFZ6UVO4ZIqKtEGuiHSkMJF38xZBE0vDBHmcNkBEV8WK9pASiINKVz4ClatLfnXf39u//mpS5km9CKncPEld51F0L/eL8tufJFIA1Y9p3D5n/4a0Ybn686bfw9Yz9/TXBmSpjaRhhQWrXqu/pP8/NT3dF7dvty13T3cqHWgPkOEKUSMwsQ/K38aFXo6Et/rJH5dWWNIbVY9pxDyjVzxRdD3z+fV05X77Z/vLxPzrt6pSaQhh5g6l/jve0dPUI8vB+vrv/r7/MRl5pCarHpOIShVXjja8OflievfY9b3x5vns+xWcxY16UVOIezuumxb8s31zdM/no+tH9fX354vFPS/U49e5BTiAk1FF0G/XrU9HVh3988X8t+1OlCRzGgKgfdA8dGGm/f/+NuBdfV0Lj6+/AZyYFGNrwhTiJwyjm82e/90bwfWk+dXwd8OLCoyRZhB6JBxfHfs+yXV+yvhr9eIlldCanJgZRDblBf+M30/ke6fL9qf77AeXqKu/wliUZEDK4HVq57nhe8/es/g/3g5nl4v3Z+Gie6jj1uYEV+sy1rh43jR0Yb3E+k1J3p7+/vfb53b279DkhQqkXNvLv6VKjarcjX+L3+MuP6+UUtKVd4JWyvwhPI79K+hj1PZTzf6P96eCL/fKH6nMusn2irSKBX5Ujg+kZ7OwpuH55fEvz9KfXw46c6J1dJtmT/wf8OesT4/Qf1+udK/evkf/HBeUdlzDxtN3BeLBNzF5Edvvg4Kfvj9cuv+igbuHh9uqe7nQ9E/7/9+qn8u+4B/Hk6UCn5/+PnvXz7KMwAAAAAAAAAAAAAAAAAAAAAAAAAAAAAAAAAAAAAAAAAAAAAAAAAAAAAAAAAAAAAAAAAAAAAAAAAAAAAAAAAAAAAAAAAAAAAAAAAAAAAAAAAAAAAAAAAAAAAAAAAAAAAAAAAAAAAAAAAAAAAAAAAAAAAAANTyP8J/QxNE43T6AAAAAElFTkSuQmCC",""
"https://www.avant.com/cardmember-agreement/","",""
"https://www.avant.com/credit-card/landing/fair-credit/","data:image/png;base64,iVBORw0KGgoAAAANSUhEUgAABLAAAAJ2CAMAAAB4notuAAAAAXNSR0IB2cksfwAAAAlwSFlzAAAuIwAALiMBeKU/dgAAADNQTFRF////y9/vfa/XVpfLMIC/PIfDY5/Pirfb5e/38vf72OfzSY/HcKfTpMfjvtfrl7/fsc/nn/5gIgAAFg1JREFUeJzt3dt21DgQBVAgFwhhSP7/a4dcnMSJ2227S1LZ2vtlHmatmV4EhK0+derbNwAAAAAAAAAAAAAAAAAAAAAAAAAAAAAAAAAAAAAAAAAAAAAAAAAAAAAAAAAAAAAAAAAAAAAAAAAAAAAAAAAAAHbh+4+r65vbn79afw6AM37dXr/6edf6swDM+X1z/ebKiQUkdnd//cGf1h8H4LSf1yPfW38egFN+jc+r6/vWHwjglNtPB9b1f60/EcC0v5/Pq+sb9+5ATvdfDqzrH60/E8CUh6/n1fX179afCuCru5upA+u29ccC+OrH1Hl1ff239ecC+Oz39Hkl2gDk8yXSMHho/ckAxh5PnVfXN3obgFTuJiINA9EGIJXJSMPASCGQyK/JSMNAtAFI5ESkYfDY+vMBDL7Pn1dGCoE8rs4cWKINQBanIw1vRBuAFKaHCMe0JQMpzEYaBqINQAKfe5GnXbX+mAAzQ4Rj2pKB5s5FGgaiDUBzM0OEYz9bf1Kgd/8tPa9EG4DGlkQaBkYKgaZ+nj+n3ok2AA2d6kWepi0ZaGhhpGFgpBBo5uuq53miDUAziyMNA23JQCOLhgjHLIIGmlgTaRiINgBNnOlFnmYRNNDA0iHCsXv37kB9KyMNA9EGoLoFvciTLIIGaptb9TxPtAGobEOkYWCkEKhqftXzPG3JQFV/tp9XFkEDVW2LNAyMFAIVnV31PE+0Aahma6ThjWgDUMmWIcIxi6CBSlb1Ik8TbQCqWLbqeZ62ZKCKjUOEYxZBAxVcFmkYiDYAFWweIhyzCBoobsWq53miDUBhl0caBtqSgcI29SJP05YMFLVu1fM80QagqJBIw8BIIVDQ2lXP80QbgIKCIg0DbclAMRf0Ik+zCBoo5JJe5GmiDUAhgZGGgbZkoIiYIcIxi6CBIkIjDQPRBqCAi3uRJ1kEDcSLGyIc05YMhAuPNAy0JQPBInqRp1kEDQS7aNXzPNEGIFSJSMPASCEQ6sJVz/NEG4BAYb3I00QbgDClIg0DI4VAmIBVz/NEG4Ag5SINA23JQJAiQ4RjFkEDIUpGGgaiDUCI4F7kaRZBAwGKDRGOaUsGLlY60jAQbQAuVqAXeZpF0MCFIlc9zxNtAC5UIdIwMFIIXCR21fM8bcnAJe6qRBoGFkEDF6gUaRgYKQQ2i1/1PE+0AdisWqRhoC0Z2KjGEOGYRdDARkV7kaeJNgCblFn1fIZoA7BBrSHCMYuggQ0qRxoGog3AauV7kadZBA2sVnDV8zzRBmCl+pGGgbZkYKWqQ4Rj2pKBVQqvep4n2gCs0CbSMDBSCKxQfNXzPNEGYLFWkYaBtmRgsYq9yNMsggYWqtmLPE20AVioYaRhoC0ZWKTREOGYRdDAAm0jDQPRBmCB6r3I0yyCBs6qt+p5nrZk4KzmkYaBtmTgjCa9yJMsggbm1V31PE+0AZiVItIwMFIIzKi96nmeaAMwo1kv8jRtycBJ7XqRpxkpBE5qsOp5nmgDcEKeSMMb0QZgUo4hwjGLoIFJqSINA9EGYELrXuRpFkEDE9IMEY5pSwa+yBZpGIg2AF8kGiIcswga+KTpqud5og3ASMZIw8BIITDSeNXzPG3JwAdZepGnWQQNfJA00jAwUgi8ab/qeZ5oA/AmbaRhoC0ZeJVyiHDMImjgWa5e5GmiDcCzJKue52lLBr4VGSK8ir8Uswga+FYi0vCjxHpD0QagQC/yUwgh/rHNImigwLPQc4NViec2oHPxkYaXQZoC/aXakqFz5c6V+HFqbcnQufhVz0NiqkBhjWgDdK1ApOHtbjy+EtBIIXQtftXzQ6X/ONCbMpGGQcnHN6A3pa+Z4i/ILIKGbpX+Ik+0AYhS/jwpFfICuhMfRv/8xlbgndMiaOhSjXG/srf6QDeqFCrEP8VZBA0dis91TlVWFYg2aEuG7tSanImvM9WWDN2pdZAUKIy3CBo6U2DV84lXNdEG4EIV+/W0JQMXiV/1fDpuUPP/BRxP3R0R2pKBC9S9VypwX2akELpR+5s70QZgs9oHiLZkYKv6xXp1UvXAATWY7xNtADZp0aBgETSwRZuOqvLdW8ABtRmV0ZYMrNfq5LAIGlit1SYb0QZgrXa7ArUlAys13MZsETSwSnyCc/ljjkXQwBptL5Lir8+MFMKBtf2qrsDMtWgDHFbrMJS2ZGCx1k16BXoDLYKGg2o/0CfaACyUoDKh9TMesBMFbpBWP95YBA0sUSDSsGGjqbZkYIEcR0WOYxPIrd6q53miDcBZaa67E1z9A7nlCRQUWARtpBAOpe6q53lpnvWAnDLdHFkEDczJNXYcP4It2gAHkiPSMNCWDJyWrTrPImjgpPhy4rOrnucl+goAyCVPpGGQ7ZEPyKLNqud5FkEDk+IjDZevMG3dfQrklPNsiD9FRRvgAFqtep5X4D3VLRbsXtb77fhvAtS7w+6lTRCEfzDJBti7lque54V/UejAgp1LPAXjCQsYyztnHH+H5cCCfcvb5FLg0c/6HNi3vF15mQq6gAzythEXSLNqmIF9SxtpKPDod/m4ENBS3teuAmlWo4Swa4l3lsY/+ilrgH3L1Yv8UXya1SAh7FuB166g4ECBRz8ZLNi3vJGG+DSrSnfYt3y9yIMCaVaRBti1Aqueo+pb4h/9dPfBvuWNNMSnWQ3lwL7lWvU8Ev/oF3W3BrQR34sc9doV/+gXdbcGtJG1F1mkAfgi3arnN/FpVi0NsG95Iw2GCIGxxL3IIg3AWMZVzy/iH/0MEcK+5Vz1/KRAmjXqbg1oI/61K6q7RaQBGIu/19aLDBSStxc5Ps2qFxn2Lb4cL6q7RaQBGEscaYhPs+pFhn3L24tcIM0q0gC71tWqZ0OEsG96kYG9KLDqOehUKBBpiNo5BrSRN9JgiBAYy9uLnHfnGNBGgV7kvKue9SLDvuWNNMSnWQ0Rwr7lfe0qEGmI2jkGtBF/r60XGSgjby9y3jQr0IZVz8Bu5I00FFj1bIgQdi1vL3LiNCvQhlXPwF7kXfVcIM2qFxn2Lb4cL+q1K2+aFWgjb5JcLzIwlrgXOW9BF9BGfDle3lXPepFh3/JGGvQiA5/kfe3Km2YF2uhq1bNeZNi3vEnyvGlWoI0Cr115Iw16kWHXEkca4tOsUQVdQBt5k+R506xAGwXK8fQiA2XkjTQUWPUc9MmANrpa9WyIEHatQC9y3lXPf4I+GdBG3iR53oIuoI2uVj0bIoR9yxtpyJtmBdrI+9qVOM0KtNHTqmdDhLBvVj0De5E4SZ43zQq0EX+vHdWLnDfNCrSRN0meOM0KtBFfjheVJM+bZgXayBtpSJxmBdrI+9ol0gCM5S3Hy/vo98+v/x4eHv66wYeqEifJE/ci/36NW9w8OLKgovhyvKjXrrxp1m+P76f8lRMLqkkcacibZh29qzqxoJq8SfK8adZP6TD7d6CSAknyvKueo4YIPx+l6gChjryRhrxp1i/pMFkJqCJvOV7iSMPXdJj+B6igwL328XuRJ45S8z5QQd4ked4062Q6zFpWKK6rVc9RadbJdJjOGigub6Qhb5r1xFGqFRAKy5sk31GkYRD0aAlMS1yOl/fR7+RRKtoAReUtx8ubZp1JhynagoIKlONFvXblffSbSYeJNkBBeSMNeR/9Zo9SZfFQTN4keeI062w6LOy1E/gsbzle3ke/M0epaAMUkjfSkDfNejYdZqQQikicJN9hpGEg2gBF5C3Hy/vot+AojTq0gQ/yJskLpFmjBpMXpMOMFEIB8a9dHax6XnKUijZAuLyRhsRp1mVHqWgDRMubJI/vRa4UaRhEPWkCr+LL8brsRZ4m2gChEkca8qZZFx+lUd+WAs/yluPtOtIw0JYMgQokyfOuei7aizxNtAEC5U2S502zrkqHWQQNYfKW4+VNs648SkUbIEreSEPeNOvKdJiRQgiSN0meONKwNh0m2gAhEpfj5X30W32UakuGEHnL8fKmWTekw4wUQoACr12drnqeJ9oAAfJGGvKmWTcdpdqS4WJ5k+R506wbv6awCBoulLgcL++j38Z0mGgDXChvpKFAmrX+EOGYtmS4SOIk+YEiDYOw7yihT3nL8fI++l1wlIo2wAXyJskL9CJXWfU8zyJouEB8OV7UM0TeNOtF6TDRBtgsb6Qhb5r1wnSYkULYKHGSPD7SENVIdWE6TFsybBSfJLfq+SzRBtgkb6QhcZr14nSYkULYJG853iEjDQPRBtgg/l5bL/Iiog2wXt4ked40a0g6zCJoWC1vOV7eNGtQOky0AVZKHGnIm2YNOkq1JcNKeZPkB440DCyChlXyluMlfvQLO0pFG2CVvOV4edOsgekwi6BhhbzleAePNAxEG2C5vJGGvGnW0KNUWzIsljdJnjfNGpwOiyrngsNLXI6X99Ev+CgVbYCF8kYa8qZZw9NhRgphkbxJ8h4iDQPRBlgkbzle3ke/AkeptmRYIG+SvECaNUcv8jQjhXBWgWcFq543EW2As/JGGuIfsNINEY5pS4YzEifJ478iTBppGFgEDWfEl+OF9dGFX7kn6kWeJtoAs/JGGgq8d0WlWePfol9ZBA2z8pbjxZ8LiSMNA23JMCP+migw/xidt8jVizxNtAFOSpwkf/p0sZ8syarneRZBw0l5y/HiP17YV3BlIg0D0QY4IXGk4VnkwuebqIx7fNfh+HOKNsC0vEnyV7/DTqz7qPMq8hCdJNoAkxKX4w3uYi64bx7CnluKRRreiDbAlLzleB/8+u/P7YV+Psa9ZhXoOvzMSCFMKDBEePz7l5KRhoFoA3yRO9KQVKEhwjFtyfBF3nK8xMpGGgYWQcMnicvx8orvOpwk2gCfpI80JFRwiHDMImgYybvqObHykYbB8R9WYYUC8cfjBx6L9CJP6+A6EJbL24ucWHzX4WkWQcObAvHH44eHqkQaBh2c/7CUSMMG8V2Hc47/hg0LZe5FTiu+63CWtmR4Ff+scPzv4atFGgbHT4nAInlXPSdWYtXzvOPfCsICiVc951Ux0jDo4FoQzouPNHRQRF5niHDs+LPkcFb2XuSUCvciT+ugrQfOSbzqOa/SvcjTRBvonkjDBvWGCHv7lYV5hgjXqx5pGHTw7ApzUq96zqpGL/K0498Owgy9yBsUXfU8r4PvX+G0+PhjB2mhFpGGwfH/OoCTRBo2qNSLPK2DF244RS/yesVXPc87/pQmnFCgF/n4X7y3ijQMjv8rDNNEGtarsOp5XgeXhDDFqucN2kUaBse/JYQJBSINx28er9qLPE1bMl3Si7xB3V7kaccv74EvCjwrHH97XtNIw0C0gQ6JNKzXbIhw7Pi/0PCJXuQNWkcaBsd/lIWRAvHH41+tNOhFntbBZSF8ZNXzBjVXPc87/tex8IFVzxskiDQMOgi8wbv4Z4UO3lLaDhGOHX+kAN7oRd6g8qrneR0MbcLAquf1kkQaBqINdEOkYYP6q57nHf/OEJ7pRd6gYS/ytA4uDeGJVc8btOxFnnb8vyTgm17kTZqsep7XwWs4lHhW6GBdXqZIw0C0gQ6INGyQZYhw7Pi/7qAXeb1kkYZBB0+29C4+/tjBmEj7XuRpx787pHMiDRskGiIc6+DbWfpm1fMG+SINg+NX+tC1AvHH47+WpOhFnibawKHpRV6v8arnecef4aRjBVY9H/+v+JyRhoFoA8cl0rBe81XP8zq4QqRXepE3yNOLPE1bMgdV4Fnh+H9a0kYaBh38nUGfrHreIMOq53nHfyunS1Y9b5A40jDo4HsPehQfaTj+d+pJhwjHjp8soUN6kTfI1os87fgPunTHqucNCnQdPt5ZsQZniTRsUKTr0Pw5nFPgWeH4b4TxL4TP6wQL/N1x+B8FnSkRf7x/OLQfBWYIXyIIBg5gVvr4Yx9en4TifxoWQXMo+eOPXRjumpRmwIwdxB978PZtnk1rcNou4o8deD9U4q/ztSVzGPuIPx7eh9c20QY4pcALCOuNYiDxy4uOnzKhE3l3KHRlHD2I/xpEtIFDEGlI4b74T0W0gSPIvEOhI5+7DuOjvBZBcwDxtyVs8GVAWbQBvhJpyOFrBYxxdPgivheZDSa6DhX+wGcFVj2z3mTmQKUifCLSkML0o4/SahiJX/XMBicul6wFgY8KXJOwwamv7yxegw/iv4hig5MBKatt4V2BPw9scDqCLtoAb0QaUpgb8tOWDK8MEaYwmzWI/1ZEtIGdEmlIYb6oSlsyPNOLnMKZKtACyV4jheyQIcIczh0fog3wTaQhibMvaNqSQS9yEgsWBsb3/1gEze6UWPXMaktCBqINdE+kIYVFzzoWQdM9q55TWHabFB9t0JbMruhFTmHh93XakumbSEMOS8teLIKma1Y9p7A4cy7aQM9EGlJYMdWnLZmOGSJMYU24wCJouqUXOYVVzVQWQdMtvcgprOv+jA/6GilkFwwRprDyvCjQDivawA6INOSw9o1MWzJd0oucwuoNgRZB0yOrnlPYkCoQbaBDIg0pbHm40ZZMd/Qip7BpMsYiaHpj1XMO276g05ZMZ0QaUtjY7lLgC16LoEnMqucctobMRRvoikhDCtvH+LQl0xG9yClckCYosAjaSCFZ6UVO4ZIqKtEGuiHSkMJF38xZBE0vDBHmcNkBEV8WK9pASiINKVz4ClatLfnXf39u//mpS5km9CKncPEld51F0L/eL8tufJFIA1Y9p3D5n/4a0Ybn686bfw9Yz9/TXBmSpjaRhhQWrXqu/pP8/NT3dF7dvty13T3cqHWgPkOEKUSMwsQ/K38aFXo6Et/rJH5dWWNIbVY9pxDyjVzxRdD3z+fV05X77Z/vLxPzrt6pSaQhh5g6l/jve0dPUI8vB+vrv/r7/MRl5pCarHpOIShVXjja8OflievfY9b3x5vns+xWcxY16UVOIezuumxb8s31zdM/no+tH9fX354vFPS/U49e5BTiAk1FF0G/XrU9HVh3988X8t+1OlCRzGgKgfdA8dGGm/f/+NuBdfV0Lj6+/AZyYFGNrwhTiJwyjm82e/90bwfWk+dXwd8OLCoyRZhB6JBxfHfs+yXV+yvhr9eIlldCanJgZRDblBf+M30/ke6fL9qf77AeXqKu/wliUZEDK4HVq57nhe8/es/g/3g5nl4v3Z+Gie6jj1uYEV+sy1rh43jR0Yb3E+k1J3p7+/vfb53b279DkhQqkXNvLv6VKjarcjX+L3+MuP6+UUtKVd4JWyvwhPI79K+hj1PZTzf6P96eCL/fKH6nMusn2irSKBX5Ujg+kZ7OwpuH55fEvz9KfXw46c6J1dJtmT/wf8OesT4/Qf1+udK/evkf/HBeUdlzDxtN3BeLBNzF5Edvvg4Kfvj9cuv+igbuHh9uqe7nQ9E/7/9+qn8u+4B/Hk6UCn5/+PnvXz7KMwAAAAAAAAAAAAAAAAAAAAAAAAAAAAAAAAAAAAAAAAAAAAAAAAAAAAAAAAAAAAAAAAAAAAAAAAAAAAAAAAAAAAAAAAAAAAAAAAAAAAAAAAAAAAAAAAAAAAAAAAAAAAAAAAAAAAAAAAAAAAAAAAAAAAAAANTyP8J/QxNE43T6AAAAAElFTkSuQmCC",""
"https://www.avant.com/credit-card/","data:image/png;base64,iVBORw0KGgoAAAANSUhEUgAABLAAAAJ2CAMAAAB4notuAAAAAXNSR0IB2cksfwAAAAlwSFlzAAAuIwAALiMBeKU/dgAAADNQTFRF////y9/vfa/XVpfLMIC/PIfDY5/Pirfb5e/38vf72OfzSY/HcKfTpMfjvtfrl7/fsc/nn/5gIgAAFg1JREFUeJzt3dt21DgQBVAgFwhhSP7/a4dcnMSJ2227S1LZ2vtlHmatmV4EhK0+derbNwAAAAAAAAAAAAAAAAAAAAAAAAAAAAAAAAAAAAAAAAAAAAAAAAAAAAAAAAAAAAAAAAAAAAAAAAAAAAAAAAAAAHbh+4+r65vbn79afw6AM37dXr/6edf6swDM+X1z/ebKiQUkdnd//cGf1h8H4LSf1yPfW38egFN+jc+r6/vWHwjglNtPB9b1f60/EcC0v5/Pq+sb9+5ATvdfDqzrH60/E8CUh6/n1fX179afCuCru5upA+u29ccC+OrH1Hl1ff239ecC+Oz39Hkl2gDk8yXSMHho/ckAxh5PnVfXN3obgFTuJiINA9EGIJXJSMPASCGQyK/JSMNAtAFI5ESkYfDY+vMBDL7Pn1dGCoE8rs4cWKINQBanIw1vRBuAFKaHCMe0JQMpzEYaBqINQAKfe5GnXbX+mAAzQ4Rj2pKB5s5FGgaiDUBzM0OEYz9bf1Kgd/8tPa9EG4DGlkQaBkYKgaZ+nj+n3ok2AA2d6kWepi0ZaGhhpGFgpBBo5uuq53miDUAziyMNA23JQCOLhgjHLIIGmlgTaRiINgBNnOlFnmYRNNDA0iHCsXv37kB9KyMNA9EGoLoFvciTLIIGaptb9TxPtAGobEOkYWCkEKhqftXzPG3JQFV/tp9XFkEDVW2LNAyMFAIVnV31PE+0Aahma6ThjWgDUMmWIcIxi6CBSlb1Ik8TbQCqWLbqeZ62ZKCKjUOEYxZBAxVcFmkYiDYAFWweIhyzCBoobsWq53miDUBhl0caBtqSgcI29SJP05YMFLVu1fM80QagqJBIw8BIIVDQ2lXP80QbgIKCIg0DbclAMRf0Ik+zCBoo5JJe5GmiDUAhgZGGgbZkoIiYIcIxi6CBIkIjDQPRBqCAi3uRJ1kEDcSLGyIc05YMhAuPNAy0JQPBInqRp1kEDQS7aNXzPNEGIFSJSMPASCEQ6sJVz/NEG4BAYb3I00QbgDClIg0DI4VAmIBVz/NEG4Ag5SINA23JQJAiQ4RjFkEDIUpGGgaiDUCI4F7kaRZBAwGKDRGOaUsGLlY60jAQbQAuVqAXeZpF0MCFIlc9zxNtAC5UIdIwMFIIXCR21fM8bcnAJe6qRBoGFkEDF6gUaRgYKQQ2i1/1PE+0AdisWqRhoC0Z2KjGEOGYRdDARkV7kaeJNgCblFn1fIZoA7BBrSHCMYuggQ0qRxoGog3AauV7kadZBA2sVnDV8zzRBmCl+pGGgbZkYKWqQ4Rj2pKBVQqvep4n2gCs0CbSMDBSCKxQfNXzPNEGYLFWkYaBtmRgsYq9yNMsggYWqtmLPE20AVioYaRhoC0ZWKTREOGYRdDAAm0jDQPRBmCB6r3I0yyCBs6qt+p5nrZk4KzmkYaBtmTgjCa9yJMsggbm1V31PE+0AZiVItIwMFIIzKi96nmeaAMwo1kv8jRtycBJ7XqRpxkpBE5qsOp5nmgDcEKeSMMb0QZgUo4hwjGLoIFJqSINA9EGYELrXuRpFkEDE9IMEY5pSwa+yBZpGIg2AF8kGiIcswga+KTpqud5og3ASMZIw8BIITDSeNXzPG3JwAdZepGnWQQNfJA00jAwUgi8ab/qeZ5oA/AmbaRhoC0ZeJVyiHDMImjgWa5e5GmiDcCzJKue52lLBr4VGSK8ir8Uswga+FYi0vCjxHpD0QagQC/yUwgh/rHNImigwLPQc4NViec2oHPxkYaXQZoC/aXakqFz5c6V+HFqbcnQufhVz0NiqkBhjWgDdK1ApOHtbjy+EtBIIXQtftXzQ6X/ONCbMpGGQcnHN6A3pa+Z4i/ILIKGbpX+Ik+0AYhS/jwpFfICuhMfRv/8xlbgndMiaOhSjXG/srf6QDeqFCrEP8VZBA0dis91TlVWFYg2aEuG7tSanImvM9WWDN2pdZAUKIy3CBo6U2DV84lXNdEG4EIV+/W0JQMXiV/1fDpuUPP/BRxP3R0R2pKBC9S9VypwX2akELpR+5s70QZgs9oHiLZkYKv6xXp1UvXAATWY7xNtADZp0aBgETSwRZuOqvLdW8ABtRmV0ZYMrNfq5LAIGlit1SYb0QZgrXa7ArUlAys13MZsETSwSnyCc/ljjkXQwBptL5Lir8+MFMKBtf2qrsDMtWgDHFbrMJS2ZGCx1k16BXoDLYKGg2o/0CfaACyUoDKh9TMesBMFbpBWP95YBA0sUSDSsGGjqbZkYIEcR0WOYxPIrd6q53miDcBZaa67E1z9A7nlCRQUWARtpBAOpe6q53lpnvWAnDLdHFkEDczJNXYcP4It2gAHkiPSMNCWDJyWrTrPImjgpPhy4rOrnucl+goAyCVPpGGQ7ZEPyKLNqud5FkEDk+IjDZevMG3dfQrklPNsiD9FRRvgAFqtep5X4D3VLRbsXtb77fhvAtS7w+6lTRCEfzDJBti7lque54V/UejAgp1LPAXjCQsYyztnHH+H5cCCfcvb5FLg0c/6HNi3vF15mQq6gAzythEXSLNqmIF9SxtpKPDod/m4ENBS3teuAmlWo4Swa4l3lsY/+ilrgH3L1Yv8UXya1SAh7FuB166g4ECBRz8ZLNi3vJGG+DSrSnfYt3y9yIMCaVaRBti1Aqueo+pb4h/9dPfBvuWNNMSnWQ3lwL7lWvU8Ev/oF3W3BrQR34sc9doV/+gXdbcGtJG1F1mkAfgi3arnN/FpVi0NsG95Iw2GCIGxxL3IIg3AWMZVzy/iH/0MEcK+5Vz1/KRAmjXqbg1oI/61K6q7RaQBGIu/19aLDBSStxc5Ps2qFxn2Lb4cL6q7RaQBGEscaYhPs+pFhn3L24tcIM0q0gC71tWqZ0OEsG96kYG9KLDqOehUKBBpiNo5BrSRN9JgiBAYy9uLnHfnGNBGgV7kvKue9SLDvuWNNMSnWQ0Rwr7lfe0qEGmI2jkGtBF/r60XGSgjby9y3jQr0IZVz8Bu5I00FFj1bIgQdi1vL3LiNCvQhlXPwF7kXfVcIM2qFxn2Lb4cL+q1K2+aFWgjb5JcLzIwlrgXOW9BF9BGfDle3lXPepFh3/JGGvQiA5/kfe3Km2YF2uhq1bNeZNi3vEnyvGlWoI0Cr115Iw16kWHXEkca4tOsUQVdQBt5k+R506xAGwXK8fQiA2XkjTQUWPUc9MmANrpa9WyIEHatQC9y3lXPf4I+GdBG3iR53oIuoI2uVj0bIoR9yxtpyJtmBdrI+9qVOM0KtNHTqmdDhLBvVj0De5E4SZ43zQq0EX+vHdWLnDfNCrSRN0meOM0KtBFfjheVJM+bZgXayBtpSJxmBdrI+9ol0gCM5S3Hy/vo98+v/x4eHv66wYeqEifJE/ci/36NW9w8OLKgovhyvKjXrrxp1m+P76f8lRMLqkkcacibZh29qzqxoJq8SfK8adZP6TD7d6CSAknyvKueo4YIPx+l6gChjryRhrxp1i/pMFkJqCJvOV7iSMPXdJj+B6igwL328XuRJ45S8z5QQd4ked4062Q6zFpWKK6rVc9RadbJdJjOGigub6Qhb5r1xFGqFRAKy5sk31GkYRD0aAlMS1yOl/fR7+RRKtoAReUtx8ubZp1JhynagoIKlONFvXblffSbSYeJNkBBeSMNeR/9Zo9SZfFQTN4keeI062w6LOy1E/gsbzle3ke/M0epaAMUkjfSkDfNejYdZqQQikicJN9hpGEg2gBF5C3Hy/vot+AojTq0gQ/yJskLpFmjBpMXpMOMFEIB8a9dHax6XnKUijZAuLyRhsRp1mVHqWgDRMubJI/vRa4UaRhEPWkCr+LL8brsRZ4m2gChEkca8qZZFx+lUd+WAs/yluPtOtIw0JYMgQokyfOuei7aizxNtAEC5U2S502zrkqHWQQNYfKW4+VNs648SkUbIEreSEPeNOvKdJiRQgiSN0meONKwNh0m2gAhEpfj5X30W32UakuGEHnL8fKmWTekw4wUQoACr12drnqeJ9oAAfJGGvKmWTcdpdqS4WJ5k+R506wbv6awCBoulLgcL++j38Z0mGgDXChvpKFAmrX+EOGYtmS4SOIk+YEiDYOw7yihT3nL8fI++l1wlIo2wAXyJskL9CJXWfU8zyJouEB8OV7UM0TeNOtF6TDRBtgsb6Qhb5r1wnSYkULYKHGSPD7SENVIdWE6TFsybBSfJLfq+SzRBtgkb6QhcZr14nSYkULYJG853iEjDQPRBtgg/l5bL/Iiog2wXt4ked40a0g6zCJoWC1vOV7eNGtQOky0AVZKHGnIm2YNOkq1JcNKeZPkB440DCyChlXyluMlfvQLO0pFG2CVvOV4edOsgekwi6BhhbzleAePNAxEG2C5vJGGvGnW0KNUWzIsljdJnjfNGpwOiyrngsNLXI6X99Ev+CgVbYCF8kYa8qZZw9NhRgphkbxJ8h4iDQPRBlgkbzle3ke/AkeptmRYIG+SvECaNUcv8jQjhXBWgWcFq543EW2As/JGGuIfsNINEY5pS4YzEifJ478iTBppGFgEDWfEl+OF9dGFX7kn6kWeJtoAs/JGGgq8d0WlWePfol9ZBA2z8pbjxZ8LiSMNA23JMCP+migw/xidt8jVizxNtAFOSpwkf/p0sZ8syarneRZBw0l5y/HiP17YV3BlIg0D0QY4IXGk4VnkwuebqIx7fNfh+HOKNsC0vEnyV7/DTqz7qPMq8hCdJNoAkxKX4w3uYi64bx7CnluKRRreiDbAlLzleB/8+u/P7YV+Psa9ZhXoOvzMSCFMKDBEePz7l5KRhoFoA3yRO9KQVKEhwjFtyfBF3nK8xMpGGgYWQcMnicvx8orvOpwk2gCfpI80JFRwiHDMImgYybvqObHykYbB8R9WYYUC8cfjBx6L9CJP6+A6EJbL24ucWHzX4WkWQcObAvHH44eHqkQaBh2c/7CUSMMG8V2Hc47/hg0LZe5FTiu+63CWtmR4Ff+scPzv4atFGgbHT4nAInlXPSdWYtXzvOPfCsICiVc951Ux0jDo4FoQzouPNHRQRF5niHDs+LPkcFb2XuSUCvciT+ugrQfOSbzqOa/SvcjTRBvonkjDBvWGCHv7lYV5hgjXqx5pGHTw7ApzUq96zqpGL/K0498Owgy9yBsUXfU8r4PvX+G0+PhjB2mhFpGGwfH/OoCTRBo2qNSLPK2DF244RS/yesVXPc87/pQmnFCgF/n4X7y3ijQMjv8rDNNEGtarsOp5XgeXhDDFqucN2kUaBse/JYQJBSINx28er9qLPE1bMl3Si7xB3V7kaccv74EvCjwrHH97XtNIw0C0gQ6JNKzXbIhw7Pi/0PCJXuQNWkcaBsd/lIWRAvHH41+tNOhFntbBZSF8ZNXzBjVXPc87/tex8IFVzxskiDQMOgi8wbv4Z4UO3lLaDhGOHX+kAN7oRd6g8qrneR0MbcLAquf1kkQaBqINdEOkYYP6q57nHf/OEJ7pRd6gYS/ytA4uDeGJVc8btOxFnnb8vyTgm17kTZqsep7XwWs4lHhW6GBdXqZIw0C0gQ6INGyQZYhw7Pi/7qAXeb1kkYZBB0+29C4+/tjBmEj7XuRpx787pHMiDRskGiIc6+DbWfpm1fMG+SINg+NX+tC1AvHH47+WpOhFnibawKHpRV6v8arnecef4aRjBVY9H/+v+JyRhoFoA8cl0rBe81XP8zq4QqRXepE3yNOLPE1bMgdV4Fnh+H9a0kYaBh38nUGfrHreIMOq53nHfyunS1Y9b5A40jDo4HsPehQfaTj+d+pJhwjHjp8soUN6kTfI1os87fgPunTHqucNCnQdPt5ZsQZniTRsUKTr0Pw5nFPgWeH4b4TxL4TP6wQL/N1x+B8FnSkRf7x/OLQfBWYIXyIIBg5gVvr4Yx9en4TifxoWQXMo+eOPXRjumpRmwIwdxB978PZtnk1rcNou4o8deD9U4q/ztSVzGPuIPx7eh9c20QY4pcALCOuNYiDxy4uOnzKhE3l3KHRlHD2I/xpEtIFDEGlI4b74T0W0gSPIvEOhI5+7DuOjvBZBcwDxtyVs8GVAWbQBvhJpyOFrBYxxdPgivheZDSa6DhX+wGcFVj2z3mTmQKUifCLSkML0o4/SahiJX/XMBicul6wFgY8KXJOwwamv7yxegw/iv4hig5MBKatt4V2BPw9scDqCLtoAb0QaUpgb8tOWDK8MEaYwmzWI/1ZEtIGdEmlIYb6oSlsyPNOLnMKZKtACyV4jheyQIcIczh0fog3wTaQhibMvaNqSQS9yEgsWBsb3/1gEze6UWPXMaktCBqINdE+kIYVFzzoWQdM9q55TWHabFB9t0JbMruhFTmHh93XakumbSEMOS8teLIKma1Y9p7A4cy7aQM9EGlJYMdWnLZmOGSJMYU24wCJouqUXOYVVzVQWQdMtvcgprOv+jA/6GilkFwwRprDyvCjQDivawA6INOSw9o1MWzJd0oucwuoNgRZB0yOrnlPYkCoQbaBDIg0pbHm40ZZMd/Qip7BpMsYiaHpj1XMO276g05ZMZ0QaUtjY7lLgC16LoEnMqucctobMRRvoikhDCtvH+LQl0xG9yClckCYosAjaSCFZ6UVO4ZIqKtEGuiHSkMJF38xZBE0vDBHmcNkBEV8WK9pASiINKVz4ClatLfnXf39u//mpS5km9CKncPEld51F0L/eL8tufJFIA1Y9p3D5n/4a0Ybn686bfw9Yz9/TXBmSpjaRhhQWrXqu/pP8/NT3dF7dvty13T3cqHWgPkOEKUSMwsQ/K38aFXo6Et/rJH5dWWNIbVY9pxDyjVzxRdD3z+fV05X77Z/vLxPzrt6pSaQhh5g6l/jve0dPUI8vB+vrv/r7/MRl5pCarHpOIShVXjja8OflievfY9b3x5vns+xWcxY16UVOIezuumxb8s31zdM/no+tH9fX354vFPS/U49e5BTiAk1FF0G/XrU9HVh3988X8t+1OlCRzGgKgfdA8dGGm/f/+NuBdfV0Lj6+/AZyYFGNrwhTiJwyjm82e/90bwfWk+dXwd8OLCoyRZhB6JBxfHfs+yXV+yvhr9eIlldCanJgZRDblBf+M30/ke6fL9qf77AeXqKu/wliUZEDK4HVq57nhe8/es/g/3g5nl4v3Z+Gie6jj1uYEV+sy1rh43jR0Yb3E+k1J3p7+/vfb53b279DkhQqkXNvLv6VKjarcjX+L3+MuP6+UUtKVd4JWyvwhPI79K+hj1PZTzf6P96eCL/fKH6nMusn2irSKBX5Ujg+kZ7OwpuH55fEvz9KfXw46c6J1dJtmT/wf8OesT4/Qf1+udK/evkf/HBeUdlzDxtN3BeLBNzF5Edvvg4Kfvj9cuv+igbuHh9uqe7nQ9E/7/9+qn8u+4B/Hk6UCn5/+PnvXz7KMwAAAAAAAAAAAAAAAAAAAAAAAAAAAAAAAAAAAAAAAAAAAAAAAAAAAAAAAAAAAAAAAAAAAAAAAAAAAAAAAAAAAAAAAAAAAAAAAAAAAAAAAAAAAAAAAAAAAAAAAAAAAAAAAAAAAAAAAAAAAAAAAAAAAAAAANTyP8J/QxNE43T6AAAAAElFTkSuQmCC",""
"https://www.missionlane.com/","https://www.missionlane.com/_next/image?url=%2F_next%2Fstatic%2Fmedia%2Fmission-lane-cards-with-phone%402x.d77ee454.jpg&w=3840&q=100","missionlane_Mission_Lane.jpg"
